:020000040800F2
:100000000000022021130008BD0E0008C50E0008E4
:10001000CD0E0008D50E0008DD0E0008000000001F
:10002000000000000000000000000000E50E0008D5
:10003000F30E000800000000010F00080F0F000879
:100040007113000871130008711300087113000880
:100050007113000871130008711300087113000870
:100060007113000871130008711300087113000860
:100070007113000871130008711300087113000850
:100080007113000871130008711300087113000840
:100090007113000871130008711300087113000830
:1000A0007113000871130008711300087113000820
:1000B0007113000871130008711300087113000810
:1000C0007113000871130008711300087113000800
:1000D00071130008711300087113000871130008F0
:1000E00071130008711300087113000871130008E0
:1000F00071130008711300087113000871130008D0
:1001000071130008711300087113000871130008BF
:1001100071130008711300087113000871130008AF
:10012000711300087113000871130008711300089F
:10013000711300087113000871130008711300088F
:100140007113000871130008711300081D0F0008D7
:10015000711300087113000871130008711300086F
:10016000711300087113000871130008711300085F
:1001700071130008711300087113000800000000DB
:08018000310F000871130008A3
:1001900010B5054C237833B9044B13B10448AFF3C1
:1001A00000800123237010BD6800002000000000C3
:1001B000AC91000808B5034B1BB103490348AFF3EA
:1001C000008008BD000000006C000020AC91000819
:1001D00001F0FF01102A2BDB10F0070F08D010F8F8
:1001E000013B013A8B422DD010F0070F42B3F6D1FC
:1001F000F0B441EA012141EA014122F007047FF015
:1002000000070023F0E80256083C85EA010586EA6B
:10021000010685FA47F5A3FA87F586FA47F6A5FAA7
:1002200087F68EB9EED1F0BC01F0FF0102F00702B3
:1002300032B110F8013B013A83EA010313B1F8D15E
:100240000020704701387047002D06BF354603383F
:10025000073815F0010F07D1013015F4807F02BF78
:10026000013015F4C03F0130F0BC0138704700BFC9
:1002700053B94AB9002908BF00281CBF4FF0FF310D
:100280004FF0FF3000F088B9ADF1080C6DE904CEF5
:1002900000F006F8DDF804E0DDE9022304B0704761
:1002A0002DE9F047089D8E4604468846002B4AD12A
:1002B0008A42174662D9B2FA82F64EB1C6F12003DD
:1002C00001FA06F820FA03F3B74043EA0808B440FD
:1002D0004FEA174E1FFA87FCB8FBFEF1230C0EFB0A
:1002E000118843EA084301FB0CF29A4209D9FB1832
:1002F00001F1FF3080F0EA809A4240F2E780023953
:100300003B449A1AA3B2B2FBFEF00EFB102243EA62
:10031000024300FB0CFC9C4509D9FB1800F1FF329D
:1003200080F0D6809C4540F2D3803B44023840EABE
:100330000140A3EB0C0300211DB1F3400022C5E9ED
:100340000032BDE8F0878B4205D90DB1C5E9000147
:1003500000210846F5E7B3FA83F1002946D1734539
:1003600002D3824200F20581841A6EEB030201205F
:100370009046002DE5D0C5E90048E2E7002A00F0EC
:100380009080B2FA82F6002E40F0A4808A1A030C04
:100390004FEA174E80B2BCB20121B2FBFEFC0EFB4D
:1003A0001C2243EA024304FB0CF29A4207D9FB18D1
:1003B0000CF1FF3802D29A4200F2E080C4469B1A48
:1003C000B3FBFEF20EFB123340EA034302FB04F4DC
:1003D0009C4207D9FB1802F1FF3002D29C4200F286
:1003E000CA8002461B1B42EA0C40A5E7C1F1200669
:1003F0008B4022FA06F71F430EFA01F420FA06F3A7
:100400002EFA06FE4FEA1749234300FA01F81FFAB5
:1004100087FCBEFBF9F01C0C09FB10EE44EA0E440D
:1004200000FB0CFEA64502FA01F209D93C1900F1C5
:10043000FF3A80F09C80A64540F2998002383C4407
:10044000A4EB0E041FFA83FEB4FBF9F309FB13447B
:100450004EEA044403FB0CFCA44508D93C1903F103
:10046000FF3E80F08280A4457FD9023B3C4443EAB2
:100470000040A4EB0C04A0FB02EC64457346E1468B
:1004800062D35FD05DB1B8EB030264EB090404FAF8
:1004900006F622FA01F31E43CC40C5E900640021B0
:1004A0004FE7B1FBF2FC010C41EA0E4180B240EA99
:1004B00001423B4638463C46B846BE462026B1FB84
:1004C000F7F1A2EB080241EA0C4166E7014618E7A2
:1004D00010462CE7C6F120022EFA02F3B740B140D5
:1004E00020FA02F24FEA174E0A43B3FBFEF8BCB201
:1004F0000EFB1833110C41EA034108FB04F9B0402C
:1005000089454FEA104380B23ED9791808F1FF3C83
:1005100001D289451FD8A1EB0901B1FBFEF909FB06
:1005200004F80EFB191192B242EA0142424529D267
:10053000BA1809F1FF31C4D24245C2D2A9F1020171
:100540003A44BEE7F0459DD2BEEB02036CEB070CCC
:100550000138E14696E7A7EB09094944A8F1020CE6
:10056000B1FBFEF909FB04F8DBE773467FE7504671
:1005700066E70846FDE63B44023A33E7ACF1020C7D
:100580003B441CE749469CE7A1EB0901C446B1FB8B
:10059000FEF909FB04F8C4E7704700BF80B500AF5F
:1005A000064B074A1A60054801F0C1F80346002BC4
:1005B00001D000F09BFB00BF80BD00BF8400002085
:1005C0000030024080B485B000AF78607B681B6863
:1005D0000B4A93420DD10023FB600A4B1B6B094A67
:1005E00043F480531363074B1B6B03F48053FB608E
:1005F000FB6800BF1437BD465DF8047B704700BF41
:10060000003002400038024080B58CB000AF07F1E6
:100610001C0300221A605A609A60DA601A61002393
:10062000BB61724B1B6B714A43F0100313636F4B3A
:100630001B6B03F01003BB61BB6900237B616B4B39
:100640001B6B6A4A43F004031363684B1B6B03F094
:1006500004037B617B6900233B61644B1B6B634A32
:1006600043F080031363614B1B6B03F080033B611A
:100670003B690023FB605D4B1B6B5C4A43F001034D
:1006800013635A4B1B6B03F00103FB60FB680023F1
:10069000BB60564B1B6B554A43F002031363534B2D
:1006A0001B6B03F00203BB60BB6800237B604F4BF6
:1006B0001B6B4E4A43F0080313634C4B1B6B03F058
:1006C00008037B607B6800220821494801F0E8F9B3
:1006D00001220121474801F0E3F900224FF2100105
:1006E000454801F0DDF90823FB6101233B6200234B
:1006F0007B620023BB6207F11C0319463C4801F0F2
:1007000033F80123FB6101233B6200237B6200235A
:10071000BB6207F11C031946364801F025F808238F
:10072000FB6102233B6200237B620023BB62052343
:10073000FB6207F11C0319462E4801F015F801234E
:10074000FB614FF490133B6200237B6207F11C03B3
:1007500019462A4801F008F80423FB6100233B6294
:1007600000237B6207F11C031946254800F0FCFFBB
:100770004FF48063FB6102233B6200237B62002312
:10078000BB620523FB6207F11C0319461C4800F0FD
:10079000EBFF4FF21003FB6101233B6200237B62FE
:1007A0000023BB6207F11C031946134800F0DCFF6D
:1007B0002023FB6100233B6200237B6207F11C03C3
:1007C00019460D4800F0D0FF0223FB614FF490134F
:1007D0003B6200237B6207F11C031946044800F0CA
:1007E000C3FF00BF3037BD4680BD00BF00380240A8
:1007F0000010024000080240000C024000000240CD
:100800000004024080B500AF124B134A1A60114B2E
:10081000124A5A600F4B00229A600E4B0022DA6097
:100820000C4B4FF480421A610A4B00225A61094B6B
:1008300000229A61074B0022DA61064B00221A62FD
:10084000044802F077FF0346002B01D000F04EFA77
:1008500000BF80BD8C00002000540040A086010035
:1008600080B58AB000AF786007F1140300221A60E7
:100870005A609A60DA601A617B681B68194A934271
:100880002CD100233B61184B1B6B174A43F002032A
:100890001363154B1B6B03F002033B613B694FF481
:1008A00010737B611223BB610123FB6100233B6258
:1008B00004237B6207F1140319460C4800F054FF2F
:1008C0000023FB60084B1B6C074A43F400131364BE
:1008D000054B1B6C03F40013FB60FB6800BF28375B
:1008E000BD4680BD00540040003802400004024074
:1008F00080B500AF134B144A1A60124B4FF40072CC
:100900005A60104B00229A600E4B0022DA600D4BA9
:100910004FF400721A610B4B0C4A5A61094B0022CA
:100920009A61084B0022DA61064B00221A620548E0
:1009300003F044F80346002B01D000F0D7F900BFC4
:1009400080BD00BFE0000020003C004000770100B7
:1009500080B58EB000AF786007F1240300221A60E2
:100960005A609A60DA601A6107F1140300221A6073
:100970005A609A60DA607B681B68314A93425AD1A8
:1009800001237B61C023BB610223FB6107F11403D8
:10099000184604F04BF90346002B01D000F0A6F9ED
:1009A00000233B61274B1B6C264A43F4004313642E
:1009B000244B1B6C03F400433B613B690023FB6049
:1009C000204B1B6B1F4A43F0010313631D4B1B6B32
:1009D00003F00103FB60FB680023BB60194B1B6B3A
:1009E000184A43F004031363164B1B6B03F0040314
:1009F000BB60BB6810237B620223BB620023FB62E7
:100A000000233B6306237B6307F1240319460E484A
:100A100000F0AAFE4FF4A4537B620223BB620023C2
:100A2000FB6200233B6306237B6307F12403194623
:100A3000064800F099FE00BF3837BD4680BD00BFB4
:100A4000003C004000380240000002400008024024
:100A500080B584B000AF214BFB60FB6804331B689A
:100A6000BB601E4B1B6819461D4807F075FDBB682F
:100A700019461C4807F070FD1B4B1B685B68194644
:100A80001A4807F069FD72B600BF194B00221A60C0
:100A9000174B00225A60164B00229A6004F008FAA5
:100AA00000F08AFC134AFB689360BFF34F8F00BFCE
:100AB000BFF36F8F00BF094B1B687B607B6883F3BC
:100AC000088800BFBFF34F8F00BFBFF36F8F00BF19
:100AD000BB68984700BF1037BD4680BD00C1000805
:100AE000C4910008D491000828010020E891000872
:100AF00010E000E000ED00E080B58CB000AF002316
:100B0000FB6200F037FC00F087F8FFF77DFDFFF790
:100B100079FEFFF7EDFE00F02BF900F04DFBFFF73B
:100B20003DFD00F0E9F800F0D5FA05F0DDFB2E49B7
:100B30002E4807F011FD07F10803184600F0C0FB2E
:100B40002B4B2C4A1A602A4B1B681B682A4A93427B
:100B500004D02A4807F000FD00BFFDE7284807F051
:100B6000FBFC0023BB621CE007F10802BB6A1344D4
:100B70001B781946234807F0EFFC07F10802BB6A0F
:100B800013441A781A4B1968BB6A0B440C331B7850
:100B90005340DBB21A46FB6A1343FB62BB6A013364
:100BA000BB62BB6A1F2BDFDD174807F03DFDFB6A08
:100BB000002B05D1154807F037FDFFF749FF04E08A
:100BC000134807F0C9FC00BFFDE74423FB71F91D82
:100BD0004FF47A7301220F4804F0A4FB4FF47A70AB
:100BE00000F070FCF1E700BF0092000808920008D6
:100BF0002801002000C00008EDFEADDE20920008B4
:100C00003C92000850920008549200085892000844
:100C1000809200089801002080B594B000AF07F1E1
:100C2000200330220021184607F0DEFD07F10C03F7
:100C300000221A605A609A60DA601A610023BB6071
:100C4000284B1B6C274A43F080531364254B1B6CC5
:100C500003F08053BB60BB6800237B60224B1B68A2
:100C6000214A43F4804313601F4B1B6803F4804305
:100C70007B607B6801233B624FF480337B620223FD
:100C8000BB634FF48003FB6308233B644FF4A873FA
:100C90007B640223BB640723FB6407F1200318462F
:100CA00003F02CFB0346002B01D000F01FF80F23AC
:100CB000FB6002233B6100237B614FF4A053BB61C7
:100CC0004FF48053FB6107F10C030521184603F034
:100CD0008DFD0346002B01D000F008F800BF50370F
:100CE000BD4680BD003802400070004080B400AFB7
:100CF00072B600BF00BFFDE780B500AF064B074AE4
:100D00001A60054804F0A2F90346002B01D0FFF752
:100D1000EDFF00BF80BD00BF2C0100200008065081
:100D200080B584B000AF78607B681B680E4A934240
:100D300015D10023FB600D4B5B6B0C4A43F0400365
:100D400053630A4B5B6B03F04003FB60FB680022BC
:100D50000021502000F0B5FC502000F0CEFC00BF78
:100D60001037BD4680BD00BF000806500038024065
:100D700080B500AF174B184A1A60164B4FF48272B9
:100D80005A60144B00229A60124B0022DA60114B19
:100D900000221A610F4B00225A610E4B4FF4007271
:100DA0009A610C4B0022DA610A4B00221A62094B4D
:100DB00000225A62074B00229A62064B0A22DA622C
:100DC000044804F0D6F90346002B01D0FFF78EFF4C
:100DD00000BF80BD3C0100200030014080B58AB0DA
:100DE00000AF786007F1140300221A605A609A601D
:100DF000DA601A617B681B68194A93422BD1002381
:100E00003B61184B5B6C174A43F480535364154B9A
:100E10005B6C03F480533B613B690023FB60114B27
:100E20001B6B104A43F0010313630E4B1B6B03F063
:100E30000103FB60FB68E0237B610223BB610023AD
:100E4000FB6100233B6205237B6207F11403194613
:100E5000054800F089FC00BF2837BD4680BD00BFB3
:100E600000300140003802400000024080B582B0EE
:100E700000AF00237B60104B5B6C0F4A43F4804350
:100E800053640D4B5B6C03F480437B607B680023F1
:100E90003B60094B1B6C084A43F080531364064BBC
:100EA0001B6C03F080533B603B68072000F0FEFBA7
:100EB00000BF0837BD4680BD0038024080B400AF97
:100EC00000BFFDE780B400AF00BFFDE780B400AF16
:100ED00000BFFDE780B400AF00BFFDE780B400AF06
:100EE00000BFFDE780B400AF00BFBD465DF8047BE6
:100EF000704780B400AF00BFBD465DF8047B70470B
:100F000080B400AF00BFBD465DF8047B704780B57C
:100F100000AF00F0B7FA00BF80BD000080B500AFA1
:100F2000024800F03DFE00BF80BD00BFE001002090
:100F300080B500AF024804F0B3F800BF80BD00BF29
:100F40002C01002080B582B000AF7860391D0A23E3
:100F50000122044804F0E6F9012318460837BD468B
:100F600080BD00BF9801002080B586B000AFF8605A
:100F7000B9607A6000237B610AE0AFF3008001462C
:100F8000BB685A1CBA60CAB21A707B6901337B61B4
:100F90007A697B689A42F0DB7B6818461837BD4651
:100FA00080BD80B586B000AFF860B9607A6000237C
:100FB0007B6109E0BB685A1CBA601B781846FFF7D2
:100FC000C1FF7B6901337B617A697B689A42F1DBFF
:100FD0007B6818461837BD4680BD80B483B000AF2B
:100FE00078604FF0FF3318460C37BD465DF8047B40
:100FF000704780B483B000AF786039603B684FF4CD
:1010000000525A60002318460C37BD465DF8047B39
:10101000704780B483B000AF7860012318460C3766
:10102000BD465DF8047B704780B485B000AFF860C2
:10103000B9607A60002318461437BD465DF8047B1A
:101040007047000080B586B000AF7860144A154B39
:10105000D31A7B617B693B61134B1B68002B02D168
:10106000114B124A1A60104B1A687B6813443A6994
:101070009A4207D207F016FC03460C221A604FF082
:10108000FF3309E0084B1B68FB60074B1A687B685D
:101090001344054A1360FB6818461837BD4680BDE7
:1010A000000002200004000094010020100700202E
:1010B00080B400AF064BD3F88830054A43F4700380
:1010C000C2F8883000BFBD465DF8047B704700BFA2
:1010D00000ED00E080B500AF114B124A1A60104BD2
:1010E0004FF4E1325A600E4B00229A600C4B002202
:1010F000DA600B4B00221A61094B0C225A61084B33
:1011000000229A61064B0022DA61054804F0BAF821
:101110000346002B01D0FFF7E9FD00BF80BD00BFF3
:10112000980100200044004080B58AB000AF78608C
:1011300007F1140300221A605A609A60DA601A619B
:101140007B681B68194A93422BD100233B61184BE3
:101150001B6C174A43F400331364154B1B6C03F4E8
:1011600000333B613B690023FB60114B1B6B104A52
:1011700043F0010313630E4B1B6B03F00103FB6091
:10118000FB680C237B610223BB610023FB6103230B
:101190003B6207237B6207F114031946054800F000
:1011A000E3FA00BF2837BD4680BD00BF00440040C1
:1011B000003802400000024080B500AF0E4B4FF0F7
:1011C000A0421A600C4B08225A710B4B0122DA71B3
:1011D000094B00229A71084B02225A72064B0022D8
:1011E0009A72054800F075FC0346002B01D0FFF70A
:1011F0007DFD00BF80BD00BFE001002080B58AB04A
:1012000000AF786007F1140300221A605A609A60F8
:10121000DA601A617B681B68B3F1A04F47D10023E5
:101220003B61254B1B6B244A43F001031363224BA4
:101230001B6B03F001033B613B694FF400737B615F
:101240000023BB610023FB6107F1140319461B480F
:1012500000F08AFA4FF4E0537B610223BB61002364
:10126000FB6100233B620A237B6207F114031946EA
:10127000124800F079FA104B5B6B0F4A43F0800381
:1012800053630023FB600C4B5B6C0B4A43F48043BD
:101290005364094B5B6C03F48043FB60FB680022E2
:1012A0000021432000F00DFA432000F026FA00BF91
:1012B0002837BD4680BD00BF003802400000024014
:1012C00080B5A0B000AF78604FF0FF33FB67124BE2
:1012D000BB6707F10C03184605F020F807F10C0373
:1012E0000021184605F038F8BB6F9A6807F10C0327
:1012F0000A49184606F0E4FD07F10C037968184620
:1013000006F053FE07F10C03184605F014F8FB6FC6
:1013100018468037BD4680BD00C0000800C10008E7
:10132000DFF834D0FFF7C4FE0C480D490D4A002306
:1013300002E0D458C4500433C4188C42F9D30A4A8A
:101340000A4C002301E013600432A242FBD307F0F1
:10135000AFFAFFF7D1FB7047000002200000002029
:1013600068000020F09300086800002010070020AB
:10137000FEE7000080B500AF0E4B1B680D4A43F43A
:10138000007313600B4B1B680A4A43F480631360BD
:10139000084B1B68074A43F480731360032000F076
:1013A00085F9002000F03EF8FFF760FD00231846A5
:1013B00080BD00BF003C024080B500AF114B124A17
:1013C0001A62104B00221A620E4B104A5A620D4BE1
:1013D00000225A620B4B0E4A1A610A4B00221A6114
:1013E000084BC1225A61074B00225A61054B01226A
:1013F0009A61044B00229A6100F00CF80023184611
:1014000080BD00BF00380240FFC9FEF63379770483
:10141000FF11602280B400AF00BFBD465DF8047BC1
:101420007047000080B582B000AF7860124B1A6838
:10143000124B1B7819464FF47A73B3FBF1F3B2FBEE
:10144000F3F3184600F067F90346002B01D001239F
:101450000EE07B680F2B0AD8002279684FF0FF302E
:1014600000F02FF9064A7B681360002300E0012397
:1014700018460837BD4680BD000000200800002047
:101480000400002080B400AF064B1B781A46064BC0
:101490001B681344044A136000BFBD465DF8047B1B
:1014A000704700BF08000020C005002080B400AFD6
:1014B000034B1B681846BD465DF8047B704700BFB0
:1014C000C005002080B584B000AF7860FFF7EEFF64
:1014D000B8607B68FB60FB68B3F1FF3F05D00A4B47
:1014E0001B781A46FB681344FB6000BFFFF7DEFF62
:1014F0000246BB68D31AFA689A42F7D800BF00BF09
:101500001037BD4680BD00BF0800002080B485B004
:1015100000AF78607B6803F00703FB600C4BDB686F
:10152000BB60BA684FF6FF031340BB60FB681A024A
:10153000BB68134343F0BF6343F40033BB60044A0A
:10154000BB68D36000BF1437BD465DF8047B7047AD
:1015500000ED00E080B400AF044BDB681B0A03F031
:1015600007031846BD465DF8047B704700ED00E0B8
:1015700080B483B000AF0346FB7197F90730002BAE
:101580000BDBFB7903F01F02074997F907305B0972
:10159000012000FA02F241F8232000BF0C37BD46BB
:1015A0005DF8047B704700BF00E100E080B483B0C9
:1015B00000AF03463960FB7197F90730002B0ADB57
:1015C0003B68DAB20C4997F907301201D2B20B44EA
:1015D00083F800230AE03B68DAB20849FB7903F09C
:1015E0000F03043B1201D2B20B441A7600BF0C3732
:1015F000BD465DF8047B704700E100E000ED00E0CF
:1016000080B489B000AFF860B9607A60FB6803F01D
:101610000703FB61FB69C3F10703042B28BF042305
:10162000BB61FB690433062B02D9FB69033B00E075
:1016300000237B614FF0FF32BB6902FA03F3DA4308
:10164000BB681A407B699A404FF0FF317B6901FA11
:1016500003F3D9437B680B40134318462437BD4638
:101660005DF8047B7047000080B582B000AF786001
:101670007B68013BB3F1807F01D301230FE00A4A6D
:101680007B68013B53600F214FF0FF30FFF78EFF67
:10169000054B00229A60044B07221A60002318466B
:1016A0000837BD4680BD00BF10E000E080B582B0C5
:1016B00000AF78607868FFF729FF00BF0837BD46A4
:1016C00080BD80B586B000AF0346B9607A60FB7319
:1016D00000237B61FFF73EFF78617A68B96878691B
:1016E000FFF78EFF024697F90F3011461846FFF7B5
:1016F0005DFF00BF1837BD4680BD80B582B000AF2A
:101700000346FB7197F907301846FFF731FF00BF1A
:101710000837BD4680BD80B582B000AF786078687C
:10172000FFF7A2FF034618460837BD4680BD80B5C7
:1017300082B000AF78607B68002B01D101230EE0FE
:101740007B685B79DBB2002B05D17B6800221A71C4
:101750007868FEF737FF7B6801225A71002318462C
:101760000837BD4680BD000080B489B000AF786006
:10177000396000237B6100233B610023BB610023B0
:10178000FB616BE10122FB6902FA03F37B613B68B9
:101790001B687A6913403B613A697B699A4240F061
:1017A0005A813B685B6803F00303012B05D03B685B
:1017B0005B6803F00303022B30D17B689B68BB613D
:1017C000FB695B00032202FA03F3DB43BA691340AF
:1017D000BB613B68DA68FB695B0002FA03F3BA6934
:1017E0001343BB617B68BA699A607B685B68BB61C5
:1017F0000122FB6902FA03F3DB43BA691340BB61C0
:101800003B685B681B0903F00102FB6902FA03F302
:10181000BA691343BB617B68BA695A603B685B680D
:1018200003F00303032B17D07B68DB68BB61FB6904
:101830005B00032202FA03F3DB43BA691340BB6186
:101840003B689A68FB695B0002FA03F3BA691343C9
:10185000BB617B68BA69DA603B685B6803F00303CD
:10186000022B23D1FB69DA087B68083253F8223057
:10187000BB61FB6903F007039B000F2202FA03F32D
:10188000DB43BA691340BB613B681A69FB6903F02B
:1018900007039B0002FA03F3BA691343BB61FB69B8
:1018A000DA087B680832B96943F822107B681B6844
:1018B000BB61FB695B00032202FA03F3DB43BA69F5
:1018C0001340BB613B685B6803F00302FB695B008C
:1018D00002FA03F3BA691343BB617B68BA691A6001
:1018E0003B685B6803F44033002B00F0B4800023B6
:1018F000FB60604B5B6C5F4A43F4804353645D4B19
:101900005B6C03F48043FB60FB685B4AFB699B08EC
:10191000023352F82330BB61FB6903F003039B00E1
:101920000F2202FA03F3DB43BA691340BB617B6801
:10193000524A93422BD07B68514A934225D07B6810
:10194000504A93421FD07B684F4A934219D07B681C
:101950004E4A934213D07B684D4A93420DD07B6828
:101960004C4A934207D07B684B4A934201D10723EC
:101970000EE008230CE006230AE0052308E0042318
:1019800006E0032304E0022302E0012300E0002339
:10199000FA6902F0030292009340BA691343BB61F3
:1019A0003549FB699B080233BA6941F823203B4B58
:1019B0009B68BB613B69DB43BA691340BB613B6811
:1019C0005B6803F48013002B03D0BA693B691343AF
:1019D000BB61324ABB699360304BDB68BB613B69DA
:1019E000DB43BA691340BB613B685B6803F40013D7
:1019F000002B03D0BA693B691343BB61274ABB691B
:101A0000D360264B5B68BB613B69DB43BA6913401B
:101A1000BB613B685B6803F40033002B03D0BA69F9
:101A20003B691343BB611D4ABB6953601B4B1B6879
:101A3000BB613B69DB43BA691340BB613B685B68D0
:101A400003F48033002B03D0BA693B691343BB61B5
:101A5000124ABB691360FB690133FB61FB690F2B01
:101A60007FF690AE00BF00BF2437BD465DF8047B13
:101A7000704700BF003802400038014000000240BB
:101A80000004024000080240000C02400010024026
:101A90000014024000180240001C0240003C0140BB
:101AA00080B483B000AF78600B467B8013467B70B8
:101AB0007B78002B03D07A887B689A6103E07B886F
:101AC0001A047B689A6100BF0C37BD465DF8047B41
:101AD000704780B586B002AF78607B68002B01D17B
:101AE000012359E07B681B68FB607B6893F8D53362
:101AF000DBB2002B06D17B68002283F8D423786800
:101B0000FFF77CFB7B68032283F8D523FB68B3F1E6
:101B1000A04F02D17B6800229A717B681B6818462F
:101B200004F020F87B6818687B681A7C8DF8002028
:101B300004330ECB03F0B2FF0346002B05D07B68C5
:101B4000022283F8D523012326E07B681B6801214C
:101B5000184604F018F80346002B05D07B680222D3
:101B600083F8D523012317E07B6818687B681A7C0B
:101B70008DF8002004330ECB04F084F90346002BCB
:101B800005D07B68022283F8D523012304E07B681B
:101B9000012283F8D523002318461037BD4680BDA7
:101BA00080B586B000AF78607B681B683B613B699D
:101BB000FB607B681B68184604F01DF90346012B87
:101BC00040F0FB807B681B68184604F0E0F8034691
:101BD000002B00F0F1807B681B68184604F0D7F8F2
:101BE000034603F40013B3F5001F04D17B681B68A0
:101BF0004FF400125A617B681B68184604F0C7F85E
:101C0000034603F48013B3F5801F04D17B681B687F
:101C10004FF480125A617B681B68184604F0B7F8CD
:101C2000034603F08063B3F1806F04D17B681B68C7
:101C30004FF080625A617B681B68184604F0A7F871
:101C4000034603F00203022B03D17B681B680222C8
:101C50005A617B681B68184604F099F8034603F044
:101C60000053B3F1005F20D17B681B684FF0005236
:101C70005A61FB6803F588631B6803F00103002BBE
:101C800013D11021386903F0CAFF386903F0F9FF56
:101C90007B685B7A022B05D17B681B6801211846A3
:101CA00004F0B4F9786800F09FF87B681B68184668
:101CB00004F06DF8034603F08073B3F1807F02D126
:101CC000786801F0C4FC7B681B68184604F05FF874
:101CD000034603F00803082B06D1786800F070F87B
:101CE0007B681B6808225A617B681B68184604F0F1
:101CF0004EF8034603F00073B3F1007F39D17B68DF
:101D00001B68184604F0BFF9B86000237B6125E02A
:101D10007B6903F00F03BA6822FA03F303F00103AF
:101D2000002B18D07B695A01FB68134403F5A063AC
:101D30001B6803F40043B3F5004F06D17B69DBB2A7
:101D40001946786800F07CF805E07B69DBB219463B
:101D5000786800F0DEFE7B6901337B617B685B792C
:101D60001A467B699342D3D37B681B684FF000729D
:101D70005A617B681B68184604F009F8034603F0B3
:101D80001003102B01D1012300E00023002B14D0FD
:101D90007B681B689A697B681B6822F010029A6155
:101DA000786801F075FB7B681B689A697B681B6823
:101DB00042F010029A6100E000BF1837BD4680BDB6
:101DC00080B483B000AF786000BF0C37BD465DF8CB
:101DD000047B704780B483B000AF786000BF0C37DD
:101DE000BD465DF8047B704780B483B000AF786077
:101DF00000BF0C37BD465DF8047B704780B483B0EC
:101E000000AF786000BF0C37BD465DF8047B7047BB
:101E100080B483B000AF786000BF0C37BD465DF87A
:101E2000047B704780B483B000AF78600B46FB70D2
:101E30001346BB7000BF0C37BD465DF8047B70478E
:101E400080B586B000AF78600B46FB707B681B687E
:101E50007B617B693B617B681B68FA781146184699
:101E600003F0A8FF034603F00403042B1AD1FB7808
:101E70005A013B69134403F5A0631A460423936097
:101E8000FA78796813461B019B1A9B000B444D336B
:101E900007221A707B681B68FA781146184604F00E
:101EA00003F99EE07B681B68FA781146184603F038
:101EB00081FF034603F48073B3F5807F1BD1FB7869
:101EC0005A013B69134403F5A0631A464FF480732B
:101ED0009360FA78796813461B019B1A9B000B44A8
:101EE0004D3308221A707B681B68FA781146184631
:101EF00004F0DAF875E07B681B68FA78114618463A
:101F000003F058FF034603F00803082B1AD1FB78AF
:101F10005A013B69134403F5A0631A4608239360F2
:101F2000FA78796813461B019B1A9B000B444D33CA
:101F300006221A707B681B68FA781146184604F06E
:101F4000B3F84EE07B681B68FA781146184603F038
:101F500031FF034603F48063B3F5806F1BD1FB7838
:101F60005A013B69134403F5A0631A464FF480639A
:101F70009360FA78796813461B019B1A9B000B4407
:101F80004D3309221A707B681B68FA78114618468F
:101F900004F08AF825E07B681B68FA781146184639
:101FA00003F008FF034603F08003802B19D1FB7870
:101FB0005A013B69134403F5A0631A4680239360DA
:101FC000FA78796813461B019B1A9B000B444D332A
:101FD00007221A707B681B68FA781146184604F0CD
:101FE00063F87B681B68FA781146184603F0E2FE36
:101FF000034603F40073B3F5007F12D17B681B68BE
:10200000FA781146184604F04FF8FB785A013B69FC
:10201000134403F5A0631A464FF40073936000F075
:1020200075BD7B681B68FA781146184603F0C2FE3E
:10203000034603F00103012B40F02881FB785A018D
:102040003B69134403F5A0631A4620239360FA7892
:10205000796813461B019B1A9B000B441B331B78AA
:10206000012B19D1FA78796813461B019B1A9B0042
:102070000B441B3300221A70FB785A013B6913444E
:1020800003F5A0635B68FA7851013A690A4402F5E6
:10209000A06223F4803353607B689B79002B1BD0B4
:1020A000FA78796813461B019B1A9B000B44303366
:1020B0001968FB785A013B69134403F5A0631B6957
:1020C000C3F31203FA78C91A786813461B019B1AE6
:1020D0009B00034438331960FA78796813461B0172
:1020E0009B1A9B000B444D3301221A70FA787968D1
:1020F00013461B019B1A9B000B44443300221A60B9
:10210000FB785A013B69134403F5A0631A46012387
:102110009360FA78796813461B019B1A9B000B4465
:1021200026331B78002B0AD0FA78796813461B01F6
:102130009B1A9B000B4426331B78022B10D17B6823
:102140001B68FA781146184603F0AEFFFB785A0177
:102150003B69134403F5A0631A46102393603DE0E6
:10216000FA78796813461B019B1A9B000B442633AF
:102170001B78032B0AD0FA78796813461B019B1A47
:102180009B000B4426331B78012B27D1FB785A0187
:102190003B69134403F5A0631B68FA7851013A695F
:1021A0000A4402F5A06243F000531360FA7879689C
:1021B00013461B019B1A9B000B444C3301221A70DF
:1021C000FA78796813461B019B1A9B000B444C3329
:1021D0001A78FB7819467868FFF724FE7B689B79AC
:1021E000012B3BD1FA78796813461B019B1A9B009F
:1021F0000B4438331968FA78786813461B019B1A28
:102200009B00034428331B880B44591EFA787868D6
:1022100013461B019B1A9B00034428331B88B1FB08
:10222000F3F303F00103002B00F07084FA7879686F
:1022300013461B019B1A9B000B443C331B78FA7816
:1022400083F00103D8B2796813461B019B1A9B00E7
:102250000B443C3302461A7000F058BCFA78796897
:1022600013461B019B1A9B000B443C331B78FA78E6
:1022700083F00103D8B2796813461B019B1A9B00B7
:102280000B443C3302461A7000F040BC7B681B686C
:10229000FA781146184603F08DFD034603F020033B
:1022A000202B31D1FB785A013B69134403F5A0631D
:1022B0001A4620239360FA78796813461B019B1A0B
:1022C0009B000B441A331B78012B40F01F84FA78D3
:1022D000796813461B019B1A9B000B441B33012298
:1022E0001A70FA78796813461B019B1A9B000B44FD
:1022F0004D3303221A707B681B68FA781146184622
:1023000003F0D2FE00F002BC7B681B68FA7811462D
:10231000184603F04FFD034603F00203022B40F082
:102320000583FB785A013B69134403F5A0631A4601
:1023300002239360FA78796813461B019B1A9B006D
:102340000B444D331B78012B14D1FA78796813466E
:102350001B019B1A9B000B444D3302221A70FA7822
:10236000796813461B019B1A9B000B444C330122D6
:102370001A70CCE2FA78796813461B019B1A9B000D
:102380000B444D331B78062B14D1FA787968134629
:102390001B019B1A9B000B444D3302221A70FA78E2
:1023A000796813461B019B1A9B000B444C33052292
:1023B0001A70ACE2FA78796813461B019B1A9B00ED
:1023C0000B444D331B78072B0BD0FA7879681346F2
:1023D0001B019B1A9B000B444D331B78092B40F0CB
:1023E000A680FA78796813461B019B1A9B000B4460
:1023F0004D3302221A70FA78796813461B019B1A32
:102400009B000B4444331B68591C786813461B011E
:102410009B1A9B00034444331960FA787968134689
:102420001B019B1A9B000B4444331B68022B43D9AE
:10243000FA78796813461B019B1A9B000B444433BE
:1024400000221A60FA78796813461B019B1A9B00D8
:102450000B441A331B78012B23D1FA787968134681
:102460001B019B1A9B000B441B3300221A70FA7845
:10247000796813461B019B1A9B000B441C330022F6
:102480001A70FB785A013B69134403F5A0635B683B
:10249000FA7851013A690A4402F5A06223F48033C4
:1024A0005360FA78796813461B019B1A9B000B4412
:1024B0004C3304221A7029E2FA78796813461B011A
:1024C0009B1A9B000B444C3302221A70FA787968ED
:1024D00013461B019B1A9B000B4426331B78002BD1
:1024E0000BD0FA78796813461B019B1A9B000B44AA
:1024F00026331B78022B40F00982FB785A013B6996
:10250000134403F5A0631B68FB60FB6823F0804362
:10251000FB60FB6843F00043FB60FB785A013B69BA
:10252000134403F5A0631A46FB681360EEE1FA78E2
:10253000796813461B019B1A9B000B444D331B7893
:10254000052B40F0C880FA78796813461B019B1A66
:102550009B000B444D3302221A70FA7879681346B7
:102560001B019B1A9B000B441B331B78012B40F073
:10257000CE81FA78796813461B019B1A9B000B44A5
:1025800026331B78032B6BD1FA78796813461B012D
:102590009B1A9B000B4448331B68591C78681346F0
:1025A0001B019B1A9B00034448331960FA78796831
:1025B00013461B019B1A9B000B4448331B68022BDC
:1025C00043D9FA78796813461B019B1A9B000B4488
:1025D000483300221A60FA78796813461B019B1A67
:1025E0009B000B441B3300221A70FA78796813465B
:1025F0001B019B1A9B000B4444331B68022B09D818
:10260000FA78796813461B019B1A9B000B441C3314
:1026100001221A70FB785A013B69134403F5A06349
:102620005B68FA7851013A690A4402F5A06223F422
:1026300080335360FA78796813461B019B1A9B001C
:102640000B444C3304221A7014E0FA78796813466C
:102650001B019B1A9B000B444C3302221A7009E0A9
:10266000FA78796813461B019B1A9B000B444C3384
:1026700002221A70FA78796813461B019B1A9B0094
:102680000B4426331B78002B0BD0FA78796813465D
:102690001B019B1A9B000B4426331B78022B40F036
:1026A0003681FB785A013B69134403F5A0631B682C
:1026B000FB60FB6823F08043FB60FB6843F0004352
:1026C000FB60FB785A013B69134403F5A0631A468B
:1026D000FB6813601BE1FA78796813461B019B1AAB
:1026E0009B000B444D331B78032B40F08180FA781C
:1026F000796813461B019B1A9B000B444D33022241
:102700001A70FA78796813461B019B1A9B000B44D8
:102710001B331B78012B40F0FA80FA787968134656
:102720001B019B1A9B000B444C3302221A70FB784E
:102730005A013B69134403F5A0635B68FA785101C1
:102740003A690A4402F5A06243F480335360FB788F
:102750005A013B69134403F5A063DB68FA78510121
:102760003A690A4402F5A06243F04003D360FB7863
:102770005A013B69134403F5A063DB68FA78510101
:102780003A690A4402F5A06223F02003D360FA7884
:10279000796813461B019B1A9B000B4426331B7858
:1027A000002B0BD0FA78796813461B019B1A9B000B
:1027B0000B4426331B78022B40F0A980FB785A018A
:1027C0003B69134403F5A0631B68FB60FB6823F0BF
:1027D0008043FB60FB6843F00043FB60FB785A01D9
:1027E0003B69134403F5A0631A46FB6813608EE04F
:1027F000FA78796813461B019B1A9B000B444D33F2
:102800001B78042B43D1FA78796813461B019B1A75
:102810009B000B444D3302221A70FA7879681346F4
:102820001B019B1A9B000B444C3302221A70FA784E
:10283000796813461B019B1A9B000B4426331B78B7
:10284000002B0AD0FA78796813461B019B1A9B006B
:102850000B4426331B78022B59D1FB785A013B6974
:10286000134403F5A0631B68FB60FB6823F08043FF
:10287000FB60FB6843F00043FB60FB785A013B6957
:10288000134403F5A0631A46FB6813603FE0FA782F
:10289000796813461B019B1A9B000B444D331B7830
:1028A000082B26D1FA78796813461B019B1A9B00E6
:1028B0000B444D3302221A70FA78796813461B01D3
:1028C0009B1A9B000B4444331B68591C78681346C1
:1028D0001B019B1A9B00034444331960FA78796802
:1028E00013461B019B1A9B000B444C3304221A70A5
:1028F0000DE0FA78796813461B019B1A9B000B4484
:102900004D331B78022B00F0008100E000BFFA7805
:10291000796813461B019B1A9B000B444C331A78B1
:10292000FB7819467868FFF77DFAEFE07B681B6853
:10293000FA781146184603F03DFA034603F04003C7
:10294000402B2FD1FB785A013B69134403F5A06358
:102950001A4640239360FA78796813461B019B1A44
:102960009B000B444D3305221A70FA7879681346A0
:102970001B019B1A9B000B441A331B78002B09D1B7
:10298000FA78796813461B019B1A9B000B44443369
:1029900000221A607B681B68FA781146184603F01B
:1029A00083FBB3E07B681B68FA781146184603F096
:1029B00001FA034603F01003102B40F0A780FA78C9
:1029C000796813461B019B1A9B000B4426331B7826
:1029D000032B1BD1FA78796813461B019B1A9B00C5
:1029E0000B44443300221A60FA78796813461B01BD
:1029F0009B1A9B000B444D3304221A707B681B68A2
:102A0000FA781146184603F04FFB3FE0FA787968F0
:102A100013461B019B1A9B000B4426331B78002B8B
:102A20000AD0FA78796813461B019B1A9B000B4465
:102A300026331B78022B29D1FA78796813461B01BB
:102A40009B1A9B000B44443300221A607B689B79DD
:102A5000002B0AD0FA78796813461B019B1A9B0059
:102A60000B441B331B78012B10D1FA78796813467D
:102A70001B019B1A9B000B444D3304221A707B6888
:102A80001B68FA781146184603F00EFBFA7879684D
:102A900013461B019B1A9B000B441B331B78012B15
:102AA00029D1FA78796813461B019B1A9B000B44C5
:102AB0001B3300221A70FB785A013B69134403F55B
:102AC000A0635B68FA7851013A690A4402F5A06292
:102AD00023F480335360FB785A013B69134403F5B8
:102AE000A063DB68FA7851013A690A4402F5A062F2
:102AF00043F02003D360FB785A013B69134403F58C
:102B0000A0631A461023936000E000BF1837BD464B
:102B100080BD80B586B000AF78600B46FB707B68E7
:102B20001B687B617B693B617B681B68FA78114697
:102B3000184603F03FF9034603F00403042B1BD1AE
:102B4000FB785A013B69134403F5A0631A4604233A
:102B50009360FA78796813461B019B1A9B000B441B
:102B60004D3307221A707B681B68FA7811461846A5
:102B700003F09AFA00F089BC7B681B68FA7811466A
:102B8000184603F017F9034603F02003202B40F00A
:102B90008280FB785A013B69134403F5A0631A460F
:102BA00020239360FA78796813461B019B1A9B00D7
:102BB0000B4419331B78012B24D1FA78796813461A
:102BC0001B019B1A9B000B44193300221A70FA78E0
:102BD000796813461B019B1A9B000B444C3302225D
:102BE0001A70FA78796813461B019B1A9B000B44F4
:102BF0004D3303221A707B681B68FA781146184619
:102C000003F052FAFA78796813461B019B1A9B006D
:102C10000B441A331B78012B40F03784FA7879681B
:102C200013461B019B1A9B000B441B331B78002B84
:102C300040F02B84FA78796813461B019B1A9B009D
:102C40000B4426331B78012B09D0FA787968134698
:102C50001B019B1A9B000B441B3301221A70FA784C
:102C6000796813461B019B1A9B000B444D330322CA
:102C70001A707B681B68FA781146184603F014FA3C
:102C8000FA78796813461B019B1A9B000B44443366
:102C900000221A60F9E37B681B68FA78114618462F
:102CA00003F088F8034603F40073B3F5007F11D1F5
:102CB000FB785A013B69134403F5A0631A464FF4AD
:102CC000007393607B681B68FA781146184603F01E
:102CD000EBF9DAE37B681B68FA781146184603F0D3
:102CE00069F8034603F00103012B68D1FA7879688B
:102CF00013461B019B1A9B000B44443300221A60AD
:102D00007B681B68FA781146184603F053F80346AF
:102D100003F04003402B12D1FA78796813461B0167
:102D20009B1A9B000B44193301221A70FB785A013D
:102D30003B69134403F5A0631A4640239360FA7875
:102D4000796813461B019B1A9B000B441B331B78AD
:102D5000002B19D0FA78796813461B019B1A9B0047
:102D60000B441B3300221A70FB785A013B69134451
:102D700003F5A0635B68FA7851013A690A4402F5E9
:102D8000A06223F480335360FB785A013B691344FB
:102D900003F5A0631A4601239360FA787968134615
:102DA0001B019B1A9B000B444D3301221A707B6858
:102DB0001B68FA781146184603F076F965E37B68DC
:102DC0001B68FA781146184602F0F4FF034603F038
:102DD0004003402B39D1FA78796813461B019B1ABE
:102DE0009B000B444D3305221A70FA78796813461C
:102DF0001B019B1A9B000B441A331B78002B09D133
:102E0000FA78796813461B019B1A9B000B4419330F
:102E100001221A70FA78796813461B019B1A9B00ED
:102E20000B44443300221A607B681B68FA78114611
:102E3000184603F039F9FB785A013B69134403F54E
:102E4000A0631A46402393601FE37B681B68FA78EF
:102E50001146184602F0AEFF034603F00803082BA4
:102E60001AD1FB785A013B69134403F5A0631A4653
:102E700008239360FA78796813461B019B1A9B001C
:102E80000B444D3306221A707B681B68FA78114692
:102E9000184603F009F9F8E27B681B68FA781146D6
:102EA000184602F087FF034603F01003102B44D1AD
:102EB000FA78796813461B019B1A9B000B44443334
:102EC00000221A60FA78796813461B019B1A9B004E
:102ED0000B444D3304221A70FA78796813461B01AB
:102EE0009B1A9B000B4419331B78002B14D1FA78E2
:102EF000796813461B019B1A9B000B4418331B78FF
:102F0000002B09D1FA78796813461B019B1A9B00A4
:102F10000B44193301221A707B681B68FA7811463A
:102F2000184603F0C1F8FB785A013B69134403F5D6
:102F3000A0631A4610239360A7E27B681B68FA78A7
:102F40001146184602F036FF034603F08003802B3B
:102F500040F083807B689B79002B11D1FA787968E7
:102F600013461B019B1A9B000B444D3307221A701A
:102F70007B681B68FA781146184603F095F862E002
:102F8000FA78796813461B019B1A9B000B44443363
:102F90001B68591C786813461B019B1A9B0003444D
:102FA00044331960FA78796813461B019B1A9B0019
:102FB0000B4444331B68022B22D9FA7879681346F4
:102FC0001B019B1A9B000B44443300221A60FA78C1
:102FD000796813461B019B1A9B000B444C33042257
:102FE0001A70FA78796813461B019B1A9B000B44F0
:102FF0004C331A78FB7819467868FEF713FF22E005
:10300000FA78796813461B019B1A9B000B444C33DA
:1030100002221A70FB785A013B69134403F5A0633E
:103020001B68FB60FB6823F08043FB60FB6843F098
:103030000043FB60FB785A013B69134403F5A0632E
:103040001A46FB681360FB785A013B69134403F589
:10305000A0631A468023936017E27B681B68FA78A6
:103060001146184602F0A6FE034603F48063B3F54A
:10307000806F1BD1FA78796813461B019B1A9B005D
:103080000B444D3309221A707B681B68FA7811468D
:10309000184603F009F8FB785A013B69134403F51D
:1030A000A0631A464FF480639360EEE17B681B686F
:1030B000FA781146184602F07DFE034603F002033B
:1030C000022B40F0DF81FB785A013B69134403F582
:1030D000A0631A4602239360FA78796813461B01AD
:1030E0009B1A9B000B444D331B78012B40F09380BF
:1030F000FA78796813461B019B1A9B000B444D33E9
:1031000002221A70FA78796813461B019B1A9B00F9
:103110000B444C3301221A70FA78796813461B016C
:103120009B1A9B000B4426331B78022B0BD0FA789A
:10313000796813461B019B1A9B000B4426331B78AE
:10314000032B40F090817B689B79002B15D1FA7896
:10315000796813461B019B1A9B000B443D331B7877
:10316000FA7883F00103D8B2796813461B019B1AE1
:103170009B000B443D3302461A707B689B79012B00
:1031800040F07181FA78796813461B019B1A9B0005
:103190000B4434331B68002B00F06581FA787968A2
:1031A00013461B019B1A9B000B4434331968FA78B1
:1031B000786813461B019B1A9B00034428331B8825
:1031C0000B44591EFA78786813461B019B1A9B0022
:1031D000034428331B88B1FBF3F3BB60BB6803F0E7
:1031E0000103002B00F03F81FA78796813461B0138
:1031F0009B1A9B000B443D331B78FA7883F0010344
:10320000D8B2796813461B019B1A9B000B443D33CF
:1032100002461A7027E1FA78796813461B019B1A57
:103220009B000B444D331B78032B20D1FA7879682F
:1032300013461B019B1A9B000B444D3302221A704C
:10324000FA78796813461B019B1A9B000B441B33C9
:103250001B78012B40F00781FA78796813461B012F
:103260009B1A9B000B444C3302221A70FBE0FA7845
:10327000796813461B019B1A9B000B444D331B7846
:10328000042B3AD1FA78796813461B019B1A9B00EC
:103290000B444D3302221A70FA78796813461B01E9
:1032A0009B1A9B000B444C3302221A70FA787968FF
:1032B00013461B019B1A9B000B441B331B78012BED
:1032C00040F0D180FA78796813461B019B1A9B0065
:1032D0000B441B3300221A70FB785A013B691344DC
:1032E00003F5A0635B68FA7851013A690A4402F574
:1032F000A06223F480335360B5E0FA78796813460E
:103300001B019B1A9B000B444D331B78052B14D1DA
:10331000FA78796813461B019B1A9B000B444D33C6
:1033200002221A70FA78796813461B019B1A9B00D7
:103330000B444C3302221A7095E0FA7879681346F0
:103340001B019B1A9B000B444D331B78062B14D199
:10335000FA78796813461B019B1A9B000B444D3386
:1033600002221A70FA78796813461B019B1A9B0097
:103370000B444C3305221A7075E0FA7879681346CD
:103380001B019B1A9B000B444D331B78072B0AD063
:10339000FA78796813461B019B1A9B000B444D3346
:1033A0001B78092B70D1FA78796813461B019B1A98
:1033B0009B000B444D3302221A70FA787968134649
:1033C0001B019B1A9B000B4444331B68591C7868F3
:1033D00013461B019B1A9B00034444331960FA787F
:1033E000796813461B019B1A9B000B4444331B68EE
:1033F000022B14D9FA78796813461B019B1A9B009B
:103400000B44443300221A60FA78796813461B0192
:103410009B1A9B000B444C3304221A7022E0FA786A
:10342000796813461B019B1A9B000B444C33022204
:103430001A70FB785A013B69134403F5A0631B68BB
:10344000FB60FB6823F08043FB60FB6843F00043B4
:10345000FB60FB785A013B69134403F5A0631A46ED
:10346000FB68136000BFFA78796813461B019B1A4A
:103470009B000B444C331A78FB7819467868FEF7AA
:10348000D1FC02E000BF00E000BF1837BD4680BDA0
:1034900080B58AB000AF78607B681B687B627B6A0E
:1034A0003B627B681B681B6AFB61FB6903F00F03CF
:1034B000BB61FB695B0C03F00F037B61FB691B09BC
:1034C000C3F30A033B617B69022B04D07B69052BA4
:1034D00000F0B680B7E03B69002B00F0B38079685C
:1034E000BA6913461B019B1A9B000B442C331B68C3
:1034F000002B00F0A7807968BA6913461B019B1A5C
:103500009B000B4438331A683B69D1187868BA6954
:1035100013461B019B1A9B00034434331B689942DA
:1035200000F283807B6818687968BA6913461B01CA
:103530009B1A9B000B442C331B683A6992B21946C4
:1035400002F0CDFB7968BA6913461B019B1A9B00F8
:103550000B442C331A683B69D1187868BA69134652
:103560001B019B1A9B0003442C3319607968BA69CC
:1035700013461B019B1A9B000B4438331A683B69A6
:10358000D1187868BA6913461B019B1A9B00034443
:1035900038331960BB695A013B6A134403F5A063D1
:1035A0001B69DB0CC3F30903FB607968BA69134636
:1035B0001B019B1A9B000B4428331B881A463B694E
:1035C00093423FD1FB68002B3CD0BB695A013B6A58
:1035D000134403F5A0631B68BB60BB6823F0804302
:1035E000BB60BB6843F00043BB60BB695A013B6AE8
:1035F000134403F5A0631A46BB6813607968BA697F
:1036000013461B019B1A9B000B443C331B7883F031
:103610000103D8B27968BA6913461B019B1A9B0053
:103620000B443C3302461A700CE07968BA691346C1
:103630001B019B1A9B000B444C3304221A7001E0BF
:1036400000BF00E000BF00BF2837BD4680BD80B589
:1036500086B000AF78607B681B687B617B693B61EB
:103660003B6903F588631B68FB603B6903F588636E
:103670001B68BB60BB6823F02E03BB60FB6803F0D4
:103680000203022B0BD1FB6803F00103012B02D1D3
:103690007868FEF79FFBBB6843F00203BB60FB68E2
:1036A00003F00803082B32D1BB6843F00803BB606A
:1036B000FB6803F00403042B26D17B685B7A022BA2
:1036C00013D1FB6803F4C023B3F5802F06D17B68C8
:1036D0001B680221184602F099FC11E07B681B6808
:1036E0000121184602F092FC0AE07B68DB79012B8D
:1036F00006D13B6903F580631A464EF6602353609A
:103700007868FEF77BFB02E07868FEF781FBFB68D8
:1037100003F02003202B03D1BB6843F02003BB60E0
:103720003B6903F588631A46BB68136000BF18370E
:10373000BD4680BD80B584B000AF78607B68002B4B
:1037400001D101232BE17B6893F83D30DBB2002BE4
:1037500006D17B68002283F83C207868FDF780F86A
:103760007B68242283F83D207B681B681A687B688D
:103770001B6822F001021A607B681B681A687B686C
:103780001B6842F400421A607B681B681A687B68F9
:103790001B6822F400421A6001F020FAF8607B688E
:1037A0005B68814A934207D8FB68804A934294BF82
:1037B00001230023DBB206E0FB687D4A934294BFFD
:1037C00001230023DBB2002B01D00123E7E0FB68DB
:1037D000784AA2FB03239B0CBB607B681B685B6879
:1037E00023F03F017B681B68BA680A435A607B6814
:1037F0001B681B6A23F03F017B685B686A4A93423F
:1038000002D8BB68013309E0BB684FF4967202FB33
:1038100003F3694AA2FB03239B0901337A68126808
:103820000B4313627B681B68DB6923F44F4222F071
:10383000FF027B685B685C498B4219D8FB68591EA4
:103840007B685B685B00B1FBF3F3591C40F6FC73CB
:103850000B40002B0AD0FB68591E7B685B685B003D
:10386000B1FBF3F30133C3F30B0351E004234FE047
:103870007B689B68002B11D1FB68581E7B685968D8
:103880000B465B000B44B0FBF3F30133C3F30B03B4
:10389000002B0CBF01230023DBB212E0FB68581E93
:1038A0007B6859680B469B000B4499000B44B0FBA6
:1038B000F3F30133C3F30B03002B0CBF01230023ED
:1038C000DBB2002B01D0012322E07B689B68002B38
:1038D0000ED1FB68581E7B6859680B465B000B4491
:1038E000B0FBF3F30133C3F30B0343F400430FE0E6
:1038F000FB68581E7B6859680B469B000B44990077
:103900000B44B0FBF3F30133C3F30B0343F4404325
:10391000796809681343CB617B681B681B6823F0D7
:10392000C0017B68DA697B681B6A1A437B681B6885
:103930000A431A607B681B689B6823F4034323F0E7
:10394000FF037A6811697A68D26811437A6812684D
:103950000B4393607B681B68DB6823F0FF017B6887
:103960005A697B689B691A437B681B680A43DA6063
:103970007B681B681A687B681B6842F001021A604A
:103980007B6800221A647B68202283F83D207B68D4
:1039900000221A637B68002283F83E200023184629
:1039A0001037BD4680BD00BFA08601007F841E0089
:1039B000FF083D0083DE1B43D34D621080B588B005
:1039C00000AF78607B68002B01D1012328E17B6880
:1039D00093F84130DBB2002B09D17B68002283F8D9
:1039E00040207B68904A5A637868FCF7B1FF7B6897
:1039F000022283F841207B681B68DB697A681268C1
:103A000023F47B6323F00F03D3617B681B680222DE
:103A10001A627B685B69022B60D07B68DB68002BD5
:103A200002D110237B6101E020237B617B689B68CE
:103A3000202B02D87B695B007B61012001F0D8F963
:103A4000F8607B681B69B3F5007F25D17B68DB6874
:103A5000002B10D07B699B00FA68B2FBF3F213468F
:103A60009B0013445B001A467B685B69B2FBF3F36F
:103A700005333B611FE07B69DB00FA68B2FBF3F2C0
:103A800013469B0013445B001A467B685B69B2FBDC
:103A9000F3F305333B610EE0FA687B69B2FBF3F2A6
:103AA00013469B0013445B001A467B685B69B2FBBC
:103AB000F3F305333B613B695C4AA2FB0323DB085C
:103AC0003B613B6903F00103BB613A69BB69D31AEF
:103AD0005B08FB61BB691B02BB6103E00223FB6166
:103AE0000023BB61FB69012B02D9FB69FF2B07D9BE
:103AF0007B685B6C43F010027B685A6401238FE0A3
:103B00007B681A69BB6942EA03017B681B68FA6932
:103B10000A431A627B681B68DB6923F47B6323F02A
:103B20000F037A6851687A68926811437A68D2689C
:103B300011437A6892690A431A437B681B6842F40E
:103B40000062DA617B681B6A012B61D17B68384AAD
:103B50005A637B681B68374A934201D1364B01E0B8
:103B60004FF04023DB697A68126832498A4201D1FA
:103B7000314A01E04FF0402223F47B6323F00F032E
:103B8000D3617B681B682B4A934201D12A4B01E029
:103B90004FF0402302221A627B681B68254A934239
:103BA00001D1254B01E04FF04023DB697B817B682D
:103BB0005B68B3F5007F03D07B685B68002B03D1A3
:103BC0004FF480733B6101E000233B613B699AB293
:103BD0007B689B689BB213439AB27B68DB689BB29D
:103BE00013439AB27B689B699BB213439AB27B8959
:103BF00013439BB243F400637B817B681B680D4ACF
:103C0000934201D10C4B01E04FF040237A89DA61F5
:103C10007B6800225A647B68012283F841200023DC
:103C200018462037BD4680BD333D0008CDCCCCCCF6
:103C3000493E0008003800400034004080B483B0A2
:103C400000AF786000BF0C37BD465DF8047B70475D
:103C500080B483B000AF786000BF0C37BD465DF81C
:103C6000047B704780B483B000AF786000BF0C372E
:103C7000BD465DF8047B704780B582B000AF7860C8
:103C80007B685B6A1A887B681B68DA607B685B6AA2
:103C90009A1C7B685A627B685B8D9BB2013B9AB22F
:103CA0007B685A857B685B8D9BB2002B0ED17B684D
:103CB0001B685A687B681B6822F0A0025A607B6808
:103CC000012283F841207868FFF7B8FF00BF08376A
:103CD000BD4680BD80B582B000AF78607B681B6850
:103CE000DA687B68DB6A92B21A807B68DB6A9A1CAE
:103CF0007B68DA627B685B8E9BB2013B9AB27B6821
:103D00005A867B685B8E9BB2002B0ED17B681B684A
:103D10005A687B681B6822F060025A607B68012247
:103D200083F841207868FFF793FF00BF0837BD464E
:103D300080BD80B586B000AF78607B681B689B68EB
:103D40007B617B6893F84130DBB2042B3AD17B690D
:103D500003F00103012B09D17B681B685B6803F04A
:103D60004003402B02D17868FFF7B4FF7B6903F072
:103D70004003402B26D17B681B685B6803F020035F
:103D8000202B1FD17B681B685A687B681B6822F058
:103D900060025A6000233B617B681B68DB683B6103
:103DA0007B681B689B683B613B697B68012283F8E9
:103DB00041207B685B6C43F002027B685A64786840
:103DC000FFF750FF7B6893F84130DBB2032B36D10D
:103DD0007B6903F00203022B09D17B681B685B68D7
:103DE00003F08003802B02D17868FFF745FF7B69E1
:103DF00003F00803082B22D17B681B685B6803F083
:103E00002003202B1BD17B681B685A687B681B68CA
:103E100022F0A0025A600023FB607B681B689B684D
:103E2000FB60FB687B68012283F841207B685B6C48
:103E300043F004027B685A647868FFF713FF00BF01
:103E40001837BD4680BD000080B588B000AF7860EF
:103E50007B681B689B68FB617B681B68924A934286
:103E600001D1924B01E04FF040239B68BB617B681E
:103E70001B685B687B617B681B688B4A934201D13E
:103E80008A4B01E04FF040235B683B617B685B68D5
:103E9000B3F5007F04D07B685B68002B40F099800D
:103EA000FB6903F00203022B07D17B6903F0800357
:103EB000002B02D0786800F025F9BB6903F00103FC
:103EC000012B07D13B6903F04003002B02D0786837
:103ED00000F0C8F9BB6903F04003402B3AD13B69BD
:103EE00003F02003002B35D07B681B686E4A934299
:103EF00001D16E4B01E04FF040235A687B681B688C
:103F000069498B4201D1694B01E04FF0402322F017
:103F100060025A607B681B685A687B681B6822F0E5
:103F2000A0025A600023FB607B681B68DB68FB60B3
:103F30007B681B689B68FB60FB687B68012283F8D9
:103F400041207B685B6C43F002027B685A647868AE
:103F5000FFF788FEFB6903F00803082B40F0C380DD
:103F60007B6903F02003002B00F0BD807B681B6899
:103F70005A687B681B6822F0A0025A607B681B6845
:103F8000494A934201D1494B01E04FF040235A681E
:103F90007B681B6844498B4201D1444B01E04FF0E0
:103FA000402322F060025A600023BB607B681B68DC
:103FB0009B68BB60BB687B68012283F841207B68FB
:103FC0005B6C43F004027B685A647868FFF74AFE32
:103FD00089E0BB6903F00203022B07D13B6903F0C0
:103FE0008003002B02D0786800F0BEF8FB6903F074
:103FF0000103012B07D17B6903F04003002B02D0A2
:10400000786800F0FDF8FB6903F04003402B2FD1E6
:104010007B6903F02003002B2AD07B681B685A6859
:104020007B681B6822F060025A607B681B681E4A2E
:10403000934201D11D4B01E04FF040235A687B6849
:104040001B6819498B4201D1184B01E04FF0402306
:1040500022F0A0025A607B68012283F841207B682D
:104060005B6C43F002027B685A647868FFF7FAFDE4
:10407000BB6903F00803082B36D13B6903F020032A
:10408000002B31D07B681B68074A934201D1074B54
:1040900001E04FF040235A687B681B6802498B425D
:1040A00006D1024B06E000BF00380040003400405B
:1040B0004FF0402322F0A0025A607B681B685A68C8
:1040C0007B681B6822F060025A607B68012283F8DB
:1040D00041207B685B6C43F004027B685A6478681B
:1040E000FFF7C0FD00E000BF00BF2037BD4680BD28
:1040F00080B483B000AF786000BF0C37BD465DF878
:10410000047B704780B582B000AF78607B685B6AE3
:10411000991C7A6851621A887B681B68DA607B6830
:104120005B8D9BB2013B9AB27B685A857B685B8D45
:104130009BB2002B13D17B681B685A687B681B6895
:1041400022F0A0025A607B685B8E9BB2002B06D1E6
:104150007B68012283F841207868FFF7C9FF00BF20
:104160000837BD4680BD000080B582B000AF7860E2
:104170007B685B6A991C7A68516219887B681B6846
:104180001D4A934201D11D4B01E04FF040230A46E6
:10419000DA607B685B8D9BB2013B9AB27B685A8583
:1041A0007B685B8D9BB2002B21D17B681B68124A18
:1041B000934201D1114B01E04FF040235A687B68D4
:1041C0001B680D498B4201D10C4B01E04FF040239D
:1041D00022F0A0025A607B685B8E9BB2002B06D156
:1041E0007B68012283F841207868FFF781FF00BFD8
:1041F0000837BD4680BD00BF003800400034004095
:1042000080B582B000AF78607B681B68D8687B6837
:10421000DB6A991C7A68D16282B21A807B685B8EF5
:104220009BB2013B9AB27B685A867B685B8E9BB2DD
:10423000002B13D17B681B685A687B681B6822F0CF
:1042400060025A607B685B8D9BB2002B06D17B6855
:10425000012283F841207868FFF74AFF00BF083742
:10426000BD4680BD80B582B000AF78607B681B68BA
:10427000204A934201D1204B01E04FF04023D868FF
:104280007B68DB6A991C7A68D16282B21A807B688B
:104290005B8E9BB2013B9AB27B685A867B685B8ED1
:1042A0009BB2002B21D17B681B68124A934201D13B
:1042B000114B01E04FF040235A687B681B680D49A1
:1042C0008B4201D10C4B01E04FF0402322F0600201
:1042D0005A607B685B8D9BB2002B06D17B68012204
:1042E00083F841207868FFF703FF00BF0837BD4619
:1042F00080BD00BF003800400034004080B586B06B
:1043000000AF78607B68002B01D1012367E27B68F6
:104310001B6803F00103002B75D0884B9B6803F0EA
:104320000C03042B0CD0854B9B6803F00C03082B6B
:1043300012D1824B5B6803F48003B3F5800F0BD17D
:104340007E4B1B6803F40033002B5BD07B685B68FB
:10435000002B57D1012342E27B685B68B3F5803FB5
:1043600006D1764B1B68754A43F4803313601DE019
:104370007B685B68B3F5A02F0CD1704B1B686F4A4C
:1043800043F4802313606D4B1B686C4A43F4803305
:1043900013600BE0694B1B68684A23F48033136099
:1043A000664B1B68654A23F4802313607B685B6857
:1043B000002B13D0FDF77AF8386108E0FDF776F8A6
:1043C00002463B69D31A642B01D9032307E25B4BF6
:1043D0001B6803F40033002BF0D014E0FDF766F8FF
:1043E000386108E0FDF762F802463B69D31A642B96
:1043F00001D90323F3E1514B1B6803F40033002B75
:10440000F0D100E000BF7B681B6803F00203002BC3
:1044100063D04A4B9B6803F00C03002B0BD0474B37
:104420009B6803F00C03082B1CD1444B5B6803F41E
:104430008003002B16D1414B1B6803F00203002BB5
:1044400005D07B68DB68012B01D00123C7E13B4B22
:104450001B6823F0F8027B681B69DB0037491343B4
:104460000B603AE07B68DB68002B20D0344B0122E4
:104470001A60FDF71BF8386108E0FDF717F80246EF
:104480003B69D31A022B01D90323A8E12B4B1B68EC
:1044900003F00203002BF0D0284B1B6823F0F80236
:1044A0007B681B69DB00254913430B6015E0244B37
:1044B00000221A60FCF7FAFF386108E0FCF7F6FF0B
:1044C00002463B69D31A022B01D9032387E11B4B18
:1044D0001B6803F00203002BF0D17B681B6803F01C
:1044E0000803002B36D07B685B69002B16D0154B78
:1044F00001221A60FCF7DAFF386108E0FCF7D6FF0A
:1045000002463B69D31A022B01D9032367E10B4B07
:104510005B6F03F00203002BF0D01BE0094B00227D
:104520001A60FCF7C3FF38610EE0FCF7BFFF0246DC
:104530003B69D31A022B07D9032350E1003802400C
:1045400000004742800E4742884B5B6F03F0020336
:10455000002BEAD17B681B6803F00403002B00F0FA
:1045600097800023FB75814B1B6C03F08053002B5D
:104570000FD10023BB607D4B1B6C7C4A43F0805302
:1045800013647A4B1B6C03F08053BB60BB68012340
:10459000FB75774B1B6803F48073002B18D1744BA9
:1045A0001B68734A43F480731360FCF77FFF386124
:1045B00008E0FCF77BFF02463B69D31A022B01D9C6
:1045C00003230CE16A4B1B6803F48073002BF0D0CB
:1045D0007B689B68012B06D1644B1B6F634A43F0D9
:1045E000010313671CE07B689B68052B0CD15F4BB4
:1045F0001B6F5E4A43F0040313675C4B1B6F5B4AFF
:1046000043F0010313670BE0584B1B6F574A23F02D
:1046100001031367554B1B6F544A23F004031367C0
:104620007B689B68002B15D0FCF740FF38610AE0DF
:10463000FCF73CFF02463B69D31A41F288329342B1
:1046400001D90323CBE0494B1B6F03F00203002B7E
:10465000EED014E0FCF72AFF38610AE0FCF726FFF1
:1046600002463B69D31A41F28832934201D90323AF
:10467000B5E03E4B1B6F03F00203002BEED1FB7D38
:10468000012B05D1394B1B6C384A23F0805313643E
:104690007B689B69002B00F0A180344B9B6803F082
:1046A0000C03082B5CD07B689B69022B41D1314BFA
:1046B00000221A60FCF7FAFE386108E0FCF7F6FE0B
:1046C00002463B69D31A022B01D9032387E0274B0B
:1046D0001B6803F00073002BF0D17B68DA697B68FC
:1046E0001B6A1A437B685B6A9B011A437B689B6A5F
:1046F0005B08013B1B041A437B68DB6A1B061B49F2
:1047000013434B601B4B01221A60FCF7CFFE38614C
:1047100008E0FCF7CBFE02463B69D31A022B01D915
:1047200003235CE0114B1B6803F00073002BF0D0F7
:1047300054E0104B00221A60FCF7B8FE386108E024
:10474000FCF7B4FE02463B69D31A022B01D90323BE
:1047500045E0064B1B6803F00073002BF0D13DE0F1
:104760007B689B69012B07D1012338E000380240A8
:1047700000700040600047421B4B5B68FB607B6839
:104780009B69012B28D0FB6803F480027B68DB69FE
:104790009A4221D1FB6803F03F027B681B6A9A4270
:1047A0001AD1FA6847F6C07313407A68526A9201C8
:1047B000934211D1FB6803F440327B689B6A5B082B
:1047C000013B1B049A4207D1FB6803F070627B68CF
:1047D000DB6A1B069A4201D0012300E00023184641
:1047E0001837BD4680BD00BF0038024080B584B098
:1047F00000AF786039607B68002B01D10123CCE0E9
:10480000684B1B6803F007033A689A420CD9654B62
:104810003A68D2B21A70634B1B6803F007033A6818
:104820009A4201D00123B8E07B681B6803F00203C1
:10483000002B20D07B681B6803F00403002B05D0FD
:10484000594B9B68584A43F4E05393607B681B685C
:1048500003F00803002B05D0534B9B68524A43F4E6
:1048600060439360504B9B6823F0F0027B689B6829
:104870004D4913438B607B681B6803F00103002BD9
:1048800044D07B685B68012B07D1474B1B6803F45E
:104890000033002B19D101237FE07B685B68022B7A
:1048A00003D07B685B68032B07D13F4B1B6803F089
:1048B0000073002B09D101236FE03B4B1B6803F011
:1048C0000203002B01D1012367E0374B9B6823F0E3
:1048D00003027B685B68344913438B60FCF7E6FD99
:1048E000F8600AE0FCF7E2FD0246FB68D31A41F2E9
:1048F0008832934201D903234FE02B4B9B6803F08E
:104900000C027B685B689B009A42EBD1254B1B68CD
:1049100003F007033A689A420CD2224B3A68D2B2AB
:104920001A70204B1B6803F007033A689A4201D0C3
:10493000012332E07B681B6803F00403002B08D0DE
:10494000194B9B6823F4E0527B68DB6816491343DC
:104950008B607B681B6803F00803002B09D0124BA7
:104960009B6823F460427B681B69DB000E4913439C
:104970008B6000F021F802460B4B9B681B0903F08B
:104980000F030A49CB5C22FA03F3094A1360094B6F
:104990001B681846FCF746FD002318461037BD4635
:1049A00080BD00BF003C02400038024090920008E9
:1049B00000000020040000202DE9B04F94B000AFAB
:1049C00000237B640023FB6400233B640023BB645F
:1049D000794B9B6803F00C03082B0DD0082B00F2D9
:1049E000E180002B02D0042B03D0DBE0734BBB64CF
:1049F000DBE0734BBB64D8E06F4B5B6803F03F03B5
:104A00007B646D4B5B6803F48003002B63D06A4BBF
:104A10005B689B090022BB63FA63BB6BC3F30803AB
:104A20003B6300237B63D7E90C4522462B464FF0BE
:104A300000004FF00001590141EAD26150010246E5
:104A40000B462146511A3961294663EB01037B610C
:104A50004FF000024FF00003D7E904AB59468B0139
:104A6000514643EA916351468A015146B2EB01082F
:104A7000594663EB01094FF000024FF000034FEA83
:104A8000C90343EA58734FEAC80290469946234641
:104A900018EB0303BB602B4649EB0303FB604FF0AD
:104AA00000024FF00003D7E9024529464B02214698
:104AB00043EAD15321464A02104619467B6C002234
:104AC000BB62FA62D7E90A23FBF7D2FB02460B4628
:104AD0001346FB6458E0384B5B689B09002218467C
:104AE0001146C0F308033B6200237B62D7E90889C3
:104AF00042464B464FF000004FF00001590141EA99
:104B0000D261500102460B464146B2EB010A4946CA
:104B100063EB010B4FF000024FF000034FEA8B13E1
:104B200043EA9A634FEA8A12B2EB0A0463EB0B057D
:104B30004FF000024FF00003EB0043EA5473E20031
:104B400014461D464346E3183B604B4645EB0303C2
:104B50007B604FF000024FF00003D7E90045294683
:104B60008B02214643EA915321468A021046194698
:104B70007B6C0022BB61FA61D7E90623FBF778FB67
:104B800002460B461346FB640B4B5B681B0C03F0A1
:104B9000030301335B003B64FA6C3B6CB2FBF3F341
:104BA000BB6402E0054BBB6400BFBB6C18465037CA
:104BB000BD46BDE8B08F00BF003802400024F400BD
:104BC00000127A0080B400AF034B1B681846BD4644
:104BD0005DF8047B704700BF0000002080B500AF87
:104BE000FFF7F0FF0246054B9B689B0A03F00703A3
:104BF0000349CB5C22FA03F3184680BD003802401B
:104C0000A092000880B500AFFFF7DCFF0246054B1D
:104C10009B685B0B03F007030349CB5C22FA03F3A9
:104C2000184680BD00380240A092000880B586B0CA
:104C300000AF786000237B6100233B617B681B68C9
:104C400003F00103002B05D17B681B6803F004030C
:104C5000002B35D0624B00221A60FCF727FC7861EC
:104C600008E0FCF723FC02467B69D31A022B01D92A
:104C70000323B0E05B4B1B6803F00063002BF0D113
:104C80007B685B689A017B689B681B0755491343E7
:104C9000C1F88430524B01221A60FCF707FC78619E
:104CA00008E0FCF703FC02467B69D31A022B01D90A
:104CB000032390E04B4B1B6803F00063002BF0D004
:104CC0007B681B6803F00203002B00F08380002345
:104CD000FB60444B1B6C434A43F080531364414BCD
:104CE0001B6C03F08053FB60FB683F4B1B683E4A24
:104CF00043F480731360FCF7D9FB786108E0FCF79C
:104D0000D5FB02467B69D31A022B01D9032362E04B
:104D1000354B1B6803F48073002BF0D0314B1B6FB5
:104D200003F440733B613B69002B2FD07B68DB6849
:104D300003F440733A699A4228D02A4B1B6F23F43C
:104D400040733B61294B01221A60284B00221A60F4
:104D5000244A3B691367234B1B6F03F00103012BAC
:104D600014D1FCF7A3FB78610AE0FCF79FFB024635
:104D70007B69D31A41F28832934201D903232AE096
:104D8000184B1B6F03F00203002BEED07B68DB682F
:104D900003F44073B3F5407F0DD1124B9B6823F4AD
:104DA000F8127B68DB6823F0704323F440730D49ED
:104DB00013438B6005E00B4B9B680A4A23F4F813FE
:104DC0009360084B1A6F7B68DB68C3F30B030549DC
:104DD00013430B67002318461837BD4680BD00BF3C
:104DE000680047420038024000700040400E4742D1
:104DF00080B487B000AF786000237B6100233B6103
:104E00000023FB600023BB607B68012B3FD1244B58
:104E10009B6803F40003FB60FB68002B06D0FB6873
:104E2000B3F5000F2FD11F4B7B612FE01C4B5B684C
:104E300003F48003B3F5800F08D1194B5B6803F0CE
:104E40003F03194AB2FBF3F33B6107E0144B5B6885
:104E500003F03F03154AB2FBF3F33B61104BD3F869
:104E600084309B09C3F308023B6902FB03F3BB6078
:104E70000B4BD3F884301B0F03F00703BA68B2FB67
:104E8000F3F37B6102E000237B6100BF00E000BF21
:104E90007B6918461C37BD465DF8047B704700BF30
:104EA000003802400080BB0000127A000024F400A9
:104EB00080B582B000AFFCF7F9FA78605D4B1B68F3
:104EC0005C4A43F00103136008E0FCF7EFFA024686
:104ED0007B68D31A022B01D90323A7E0554B1B682B
:104EE00003F00203002BF0D0524B1B68514A43F0F1
:104EF00080031360FCF7DAFA78604E4B00229A6068
:104F00000AE0FCF7D3FA02467B68D31A41F28832F2
:104F1000934201D9032389E0464B9B6803F00C03BD
:104F2000002BEED1FCF7C2FA7860424B1B68414A75
:104F300023F45023136008E0FCF7B8FA02467B68BC
:104F4000D31A642B01D9032370E03A4B1B6803F496
:104F50000033002BF0D1FCF7A9FA7860354B1B68C1
:104F6000344A23F08073136008E0FCF79FFA02468E
:104F70007B68D31A022B01D9032357E02D4B1B6802
:104F800003F00073002BF0D1FCF790FA7860294B06
:104F90001B68284A23F08063136008E0FCF786FA58
:104FA00002467B68D31A022B01D903233EE0214B32
:104FB0001B6803F00063002BF0D11E4B1E4A5A60A1
:104FC0001C4B1E4AC3F884201A4BDB68194A23F491
:104FD000F853D360174BDB68164A23F40053D360B1
:104FE000144BDB68134A43F41F03D360114BDB6897
:104FF000104A43F40013D3600E4B5B6F0D4A23F04D
:10500000010353670B4B5B6F0A4A43F0807353678E
:105010000B4B0C4A1A600C4B1B681846FCF702FA43
:105020000346002B01D0012300E000231846083777
:10503000BD4680BD00380240103000040030002022
:10504000000000200024F4000400002080B582B09D
:1050500000AF78607B68002B01D101231CE07B68E6
:105060005B79DBB2002B05D17B6800221A7178686E
:10507000FBF756FE7B6802225A717B681B681A6830
:105080007B681B6842F004021A607B6801225A7137
:105090007B6800229A60002318460837BD4680BD11
:1050A00080B584B000AF78600023FB607B681B682C
:1050B0005B68BB60BB6803F02003002B05D07B68F6
:1050C00010229A600123FB6009E0BB6803F04003F3
:1050D000002B04D07B6808229A600123FB60FB68E8
:1050E000012B0BD17B6804225A71786800F037F8E5
:1050F0007B681B686FF060025A6022E0BB6803F0B7
:105100000103002B1DD07B681B681A687B681B6835
:1051100022F008021A607B681B689A687B68DA6074
:105120007B685B79DBB2042B0BD07B6801225A7160
:105130007B6800221A717B68DB681946786800F08A
:1051400003F81037BD4680BD80B483B000AF7860EF
:10515000396000BF0C37BD465DF8047B704780B4F2
:1051600083B000AF786000BF0C37BD465DF8047BAC
:10517000704780B582B000AF78607B68002B01D1AA
:1051800001237BE07B685B6A002B08D17B685B684E
:10519000B3F5827F09D07B680022DA6105E07B6885
:1051A00000221A617B6800225A617B6800229A62A1
:1051B0007B6893F85130DBB2002B06D17B6800226C
:1051C00083F850207868FBF709FE7B68022283F899
:1051D00051207B681B681A687B681B6822F04002BC
:1051E0001A607B685B6803F482727B689B6803F4D7
:1051F00004431A437B68DB6803F400631A437B684B
:105200001B6903F002031A437B685B6903F0010327
:105210001A437B689B6903F400731A437B68DB695C
:1052200003F038031A437B681B6A03F0800342EAE9
:1052300003017B689B6A03F400527B681B680A4386
:105240001A607B689B691B0C03F004017B685B6A36
:1052500003F010027B681B680A435A607B681B6876
:10526000DA697B681B6822F40062DA617B680022DD
:105270005A657B68012283F85120002318460837BD
:10528000BD4680BD80B582B000AF78607B68002BE2
:1052900001D1012342E07B6893F84130DBB2002B5F
:1052A00006D17B68002283F840207868FBF73CFF3A
:1052B0007B68242283F841207B681B68DA687B685E
:1052C0001B6822F40052DA60786800F073F97B689A
:1052D0001B681A697B681B6822F490421A617B681C
:1052E0001B685A697B681B6822F02A025A617B6836
:1052F0001B68DA687B681B6842F40052DA607B68DE
:1053000000225A647B68202283F841207B68202297
:1053100083F842207B6800225A630023184608372E
:10532000BD4680BD80B58AB002AFF860B9603B6011
:105330001346FB8000237B61FB6893F84130DBB2AE
:10534000202B75D1BB68002B02D0FB88002B01D12C
:1053500001236EE0FB6800225A64FB68212283F877
:105360004120FCF7A3F87861FB68FA889A84FB680F
:10537000FA88DA84FB689B68B3F5805F08D1FB6824
:105380001B69002B04D10023FB61BB68BB6103E0F8
:10539000BB68FB610023BB612EE03B6800937B6927
:1053A00000228021F86800F048F80346002B05D061
:1053B000FB68202283F8412003233AE0FB69002B9D
:1053C0000BD1BB691B881A46FB681B68C2F3080235
:1053D0005A60BB690233BB6107E0FB691A78FB685E
:1053E0001B685A60FB690133FB61FB68DB8C9BB275
:1053F000013B9AB2FB68DA84FB68DB8C9BB2002B22
:10540000CBD13B6800937B6900224021F86800F013
:1054100014F80346002B05D0FB68202283F84120B6
:10542000032306E0FB68202283F84120002300E0EC
:10543000022318462037BD4680BD80B586B000AF38
:10544000F860B9603B601346FB713BE03B6AB3F127
:10545000FF3F37D0FCF72AF802463B68D31A3A6A76
:105460009A4202D33B6A002B01D103233AE0FB6846
:105470001B68DB6803F00403002B23D0BB68802B80
:1054800020D0BB68402B1DD0FB681B681B6803F055
:105490000803082B16D100237B61FB681B681B687F
:1054A0007B61FB681B685B687B617B69F86800F067
:1054B0001DF8FB6808225A64FB68002283F840202C
:1054C00001230FE0FB681B681A68BB681340BA68C9
:1054D0009A420CBF01230023DBB21A46FB799A42A1
:1054E000B4D0002318461837BD4680BD80B495B0AF
:1054F00000AF78607B681B680C337B637B6B53E881
:10550000003F3B633B6B23F49073FB647B681B6839
:105510000C33FA6C3A64FB63F96B3A6C41E8002394
:10552000BB63BB6B002BE5D17B681B6814333B620C
:105530003B6A53E8003FFB61FB6923F00103BB6456
:105540007B681B681433BA6CFA62BB62B96AFA6A88
:1055500041E800237B627B6A002BE5D17B681B6BF3
:10556000012B19D17B681B680C33FB60FB6853E887
:10557000003FBB60BB6823F010037B647B681B6843
:105580000C337A6CBA617B617969BA6941E80023AE
:105590003B613B69002BE5D17B68202283F84220E8
:1055A0007B6800221A6300BF5437BD465DF8047B58
:1055B000704700002DE9B04FC0B000AFC7F8F4004D
:1055C000D7F8F4301B681B6923F44050D7F8F43047
:1055D000D968D7F8F4301A6840EA01031361D7F8A4
:1055E000F4309A68D7F8F4301B691A43D7F8F430CE
:1055F0005B691A43D7F8F430DB691343C7F8F83016
:10560000D7F8F4301B68DB6823F4164121F00C0155
:10561000D7F8F4301A68D7F8F8300B43D360D7F8CE
:10562000F4301B685B6923F44070D7F8F430996953
:10563000D7F8F4301A6840EA01035361D7F8F43020
:105640001A688F4B9A4205D0D7F8F4301A688D4B00
:105650009A4204D1FFF7D6FAC7F8FC0003E0FFF73F
:10566000BDFAC7F8FC00D7F8F430DB69B3F5004F9A
:1056700040F00C81D7F8FC300022C7F8E830C7F8BA
:10568000EC20D7E93A4522462B469118B9655B4193
:10569000FB65D7E91623214612EB0108294643EBA7
:1056A00001094FF000024FF000034FEAC90343EA3B
:1056B00058734FEAC80290469946234618EB0303F5
:1056C000C7F8E0302B4649EB0303C7F8E430D7F8BE
:1056D000F4305B680022C7F8D830C7F8DC20D7E97F
:1056E00036120B46DB183B65134642EB03037B6522
:1056F000D7E91423D7E93801FAF7BAFD02460B4679
:10570000614BA3FB02235B091C01D7F8FC3000228C
:10571000C7F8D030C7F8D420D7E9348942464B4681
:105720009118B9645B41FB64D7E91223414612EB3F
:10573000010A494643EB010B4FF000024FF0000312
:105740004FEACB0343EA5A734FEACA0292469B469A
:1057500043461AEB0303C7F8C8304B464BEB030331
:10576000C7F8CC30D7F8F4305B680022C7F8C030F7
:10577000C7F8C420D7E930120B46DB183B64134648
:1057800042EB03037B64D7E91023D7E93201FAF730
:105790006FFD02460B4611463B4BA3FB01235B0901
:1057A000642202FB03F3CB1ADB0003F13202364B17
:1057B000A3FB02235B095B0003F4F8731C44D7F8D6
:1057C000FC300022C7F8B830C7F8BC20D7E92E89D2
:1057D00042464B469118B9635B41FB63D7E90E2300
:1057E00041465118396349464B417B634FF00002F3
:1057F0004FF00003D7E90CAB5946CB00514643EAC2
:1058000051735146CA0010461946034642469B183A
:10581000C7F8B0304B460A4642EB0303C7F8B43032
:10582000D7F8F4305B680022C7F8A830C7F8AC207E
:10583000D7E92A120B46DB18BB62134642EB03037F
:10584000FB62D7E90A23D7E92C01FAF711FD0246DA
:105850000B460D4BA3FB02135B09642101FB03F311
:10586000D31ADB003233084AA2FB03235B0903F09F
:105870000702D7F8F4301B6822449A6006E100BFA3
:1058800000100140001401401F85EB51D7F8FC3097
:105890000022C7F8A030C7F8A420D7E928894246DB
:1058A0004B46911839625B417B62D7E90823414638
:1058B0005418494643EB01054FF000024FF0000336
:1058C000EB0043EA5473E20014461D464346E318D6
:1058D000C7F898304B4645EB0303C7F89C30D7F820
:1058E000F4305B680022C7F89030C7F894204FF07E
:1058F00000024FF00003D7E9244529468B002146DA
:1059000043EA917321468A00D7E92601FAF7B0FCF1
:1059100002460B46604BA3FB02235B091C01D7F830
:10592000FC300022C7F88830C7F88C20D7E92289DC
:1059300042464B469118B9615B41FB61D7E90623AA
:1059400041465118396149464B417B614FF0000295
:105950004FF00003D7E904AB5946CB00514643EA68
:1059600051735146CA0010461946034642469B18D9
:10597000C7F880304B460A4642EB0303C7F8843031
:10598000D7F8F4305B680022BB67FA674FF000027B
:105990004FF00003D7E91E8949468B00414643EA90
:1059A000917341468A00D7E92001FAF761FC02466B
:1059B0000B461146384BA3FB01235B09642202FB13
:1059C00003F3CB1A1B013233334AA2FB03235B09D7
:1059D00003F0F0031C44D7F8FC3000223B677A67E1
:1059E000D7E91C8942464B469118B9605B41FB6080
:1059F000D7E9022341465118396049464B417B6043
:105A00004FF000024FF00003D7E900AB5946CB003E
:105A1000514643EA51735146CA001046194603469F
:105A200042469B18BB664B460A4642EB0303FB66A5
:105A3000D7F8F4305B6800223B667A664FF00002CC
:105A40004FF00003D7E9188949468B00414643EAE5
:105A5000917341468A00D7E91A01FAF709FC024618
:105A60000B460D4BA3FB02135B09642101FB03F3FF
:105A7000D31A1B013233084AA2FB03235B0903F04C
:105A80000F02D7F8F4301B6822449A6000BF07F574
:105A90008077BD46BDE8B08F1F85EB5184B080B5DF
:105AA00084B000AF786007F11C0080E80E0097F822
:105AB0002130012B23D17B689B6B23F480327B68E0
:105AC0009A637B68DB6823F4840323F040037A68DD
:105AD000D3607B68DB6823F440127B68DA6097F858
:105AE0002830012B05D17B68DB6843F480127B688A
:105AF000DA60786800F08DF90346FB731BE07B6881
:105B0000DB6843F040027B68DA60786800F081F976
:105B10000346FB7397F82530002B06D17B689B6BFF
:105B200043F480327B689A6305E07B689B6B23F4C7
:105B300080327B689A63BB7F012B0BD17B689B68AB
:105B400043F006027B689A607B689B6843F0200202
:105B50007B689A60FB7B18461037BD46BDE88040E5
:105B600004B0704780B483B000AF78607B689B68F6
:105B700023F001027B689A60002318460C37BD466B
:105B80005DF8047B704780B584B000AF78600B4649
:105B9000FB700023FB607B68DB6823F0C0427B68FE
:105BA000DA60FB78012B15D17B68DB6843F000528B
:105BB0007B68DA600A20FBF785FCFB680A33FB6030
:105BC000786800F018F90346012B1ED0FB68C72B3C
:105BD000F0D91AE0FB78002B15D17B68DB6843F025
:105BE00080427B68DA600A20FBF76CFCFB680A33B2
:105BF000FB60786800F0FFF80346002B05D0FB68D7
:105C0000C72BF0D901E0012305E0FB68C82B01D1C7
:105C1000012300E0002318461037BD4680BD80B444
:105C200085B000AF786039600023FB60FB6801330A
:105C3000FB60FB68B3F1706F01D903231BE07B6845
:105C40001B69002BF2DA0023FB603B689B0143F0E9
:105C500020027B681A61FB680133FB60FB68B3F1CB
:105C6000706F01D9032306E07B681B6903F02003F2
:105C7000202BF0D0002318461437BD465DF8047B76
:105C8000704780B485B000AF78600023FB60FB688C
:105C90000133FB60FB68B3F1706F01D9032318E097
:105CA0007B681B69002BF2DA0023FB607B68102203
:105CB0001A61FB680133FB60FB68B3F1706F01D9B7
:105CC000032306E07B681B6903F01003102BF0D060
:105CD000002318461437BD465DF8047B704780B436
:105CE0008BB000AFF860B9601346FB80FB68BB6106
:105CF000BB687B62FB889B089BB27B61FB8803F0DF
:105D00000303FB8300233B6214E0BB6903F580536C
:105D10001A687B6A1A607B6A01337B627B6A013393
:105D20007B627B6A01337B627B6A01337B623B6A05
:105D300001333B623A6A7B699A42E6D3FB8B002BC4
:105D40001ED000233B62BB6903F580531A4607F15E
:105D5000100312681A603A693B6ADBB2DB0022FA70
:105D600003F3DAB27B6A1A703B6A01333B627B6AE7
:105D700001337B62FB8B013BFB83FB8B002BEAD166
:105D80007B6A18462C37BD465DF8047B704780B4AB
:105D900085B000AF78607B685B69FB607B689B695E
:105DA000FA681340FB60FB6818461437BD465DF87F
:105DB000047B704780B485B000AF78600B46FB7001
:105DC0007B68FB60FB785A01FB68134403F5A06312
:105DD0009B68BB60FB785A01FB68134403F5A06322
:105DE000DB68BA681340BB60BB6818461437BD4611
:105DF0005DF8047B704780B483B000AF78607B6847
:105E00005B6903F0010318460C37BD465DF8047B5F
:105E1000704780B485B000AF78600023FB60FB68FA
:105E20000133FB60FB68B3F1706F01D9032322E0FB
:105E30007B681B69002BF2DA0A23FB6002E0FB6837
:105E4000013BFB60FB68002BF9D17B681B6943F0C9
:105E500001027B681A61FB680133FB60FB68B3F1E8
:105E6000706F01D9032306E07B681B6903F001030F
:105E7000012BF0D0002318461437BD465DF8047B93
:105E80007047000084B080B586B000AF786007F13D
:105E9000240080E80E000023FB757B68FB60FB6834
:105EA00003F560631A46002313607B689B6B43F421
:105EB00000127B689A637B689B6B23F400227B68EB
:105EC0009A637B689B6B23F480227B689A637B6870
:105ED000DB6803F04003002B19D197F82730012B22
:105EE0000AD1FB6803F580631B68FA6802F58062DB
:105EF00043F00403136014E0FB6803F580631B6840
:105F0000FA6802F5806223F00403136009E0FB687D
:105F100003F580631B68FA6802F5806223F00403CE
:105F2000136010217868FFF77AFE0346002B01D03A
:105F30000123FB757868FFF7A4FE0346002B01D010
:105F40000123FB7500233B6115E03B695A01FB68A7
:105F5000134403F5A0631A464FF0FF3393603B6987
:105F60005A01FB68134403F5A0631A460023D3606B
:105F70003B6901333B6197F825301A463B699342F0
:105F8000E3D37B6800229A617B684FF0FF325A614D
:105F90007B68184A93420BD17B684FF400725A62B7
:105FA0007B68154A9A627B68144AC3F8002109E0AD
:105FB0007B6880225A627B68114A9A627B68114A28
:105FC000C3F8002197F82630002B05D17B689B6928
:105FD00043F010027B689A617B689A690A4B13430D
:105FE0007A689361FB7D18461837BD46BDE880404E
:105FF00004B0704700000440000200010003E0000C
:1060000080006000E0004000080020A380B485B05C
:1060100000AF78600B46FB707B68FB60FB6803F5A4
:1060200080631B68FA6802F5806223F00303136043
:10603000FB6803F580631A68FB7803F00303F968D3
:1060400001F5806113430B60FB78012B07D1FB68DE
:1060500003F580631A464BF6803353600CE0FB78FF
:10606000022B07D1FB6803F580631A4641F2707377
:10607000536001E0012300E0002318461437BD46B9
:106080005DF8047B704780B485B000AF78607B68B2
:10609000FB60FB6803F580635B699BB218461437AD
:1060A000BD465DF8047B704780B489B000AF78606E
:1060B0000B46FB707B68FB61FB78BB610023BB6018
:1060C000BB695A01FB69134403F5A0631B689B0C71
:1060D00003F003037B61BB695A01FB69134403F5B9
:1060E000A0631B68DB0F03F001033B61BB695A012E
:1060F000FB69134403F5A0635B68DB0F03F0010346
:10610000FB607B689B6803F02003202B0DD1FB68AC
:10611000002B0AD13B69002B05D07B69012B02D0F3
:106120007B69032B01D10023D8E07B69002B02D0CF
:106130007B69022B73D1BB695A01FB69134403F5D8
:10614000A0631B68BA695101FA690A4402F5A062AA
:1061500043F0804313607B689B6803F02003002BAF
:106160004AD17B68DB6A03F47F03002B33D1BB6920
:106170005A01FB69134403F5A0631B68BA69510116
:10618000FA690A4402F5A06223F000431360BB6978
:106190005A01FB69134403F5A0631B68BA695101F6
:1061A000FA690A4402F5A06243F000431360BB6839
:1061B0000133BB60BB68B3F57A7F2ED8BB695A0147
:1061C000FB69134403F5A0631B6803F00043B3F1BC
:1061D000004FECD081E0BB695A01FB69134403F521
:1061E000A0631B68BA695101FA690A4402F5A0620A
:1061F00043F00043136070E0BB695A01FB6913442C
:1062000003F5A0631B68BA695101FA690A4402F5F3
:10621000A06243F0004313605FE000BF5DE0BB6934
:106220005A01FB69134403F5A0631B68BA69510165
:10623000FA690A4402F5A06243F080431360FB69E7
:1062400003F580631B6903F47F03002B33D1BB6923
:106250005A01FB69134403F5A0631B68BA69510135
:10626000FA690A4402F5A06223F000431360BB6997
:106270005A01FB69134403F5A0631B68BA69510115
:10628000FA690A4402F5A06243F000431360BB6858
:106290000133BB60BB68B3F57A7F1DD8BB695A0177
:1062A000FB69134403F5A0631B6803F00043B3F1DB
:1062B000004FECD011E0BB695A01FB69134403F5B0
:1062C000A0631B68BA695101FA690A4402F5A06229
:1062D00043F00043136000E000BF0023184624375A
:1062E000BD465DF8047B704780B400AF00BFBD467B
:1062F0005DF8047B7047000080B582B000AF786025
:106300003960054B1B683A6800217868984700BFE0
:106310000837BD4680BD00BFA892000880B582B096
:1063200000AF78606C220021786802F05DFA00BF4F
:106330000837BD4680BD80B582B000AF78607B680D
:10634000002B04D06C217868FFF7D6FF00E000BF77
:106350000837BD4680BD000080B483B000AF7860D0
:1063600039607B6800221A607B6800225A603B68B3
:10637000002B18D17B681D4A9A607B681C4ADA6042
:106380007B681C4A1A617B681B4A5A617B681B4AFE
:106390009A617B681A4ADA617B681A4A1A627B68DA
:1063A000194A5A6217E07B68184A9A607B68184A53
:1063B000DA607B68174A1A617B68174A5A617B6802
:1063C000164A9A617B68164ADA617B68154A1A6236
:1063D0007B68154A5A627B683A689A6600231846B9
:1063E0000C37BD465DF8047B704700BF67E6096A5D
:1063F00085AE67BB72F36E3C3AF54FA57F520E51E6
:106400008C68059BABD9831F19CDE05BD89E05C175
:1064100007D57C3617DD703039590EF7310BC0FFC8
:1064200011155868A78FF964A44FFABE90B4CEB086
:1064300000AF07F59C73A3F59A73186007F59C737A
:10644000A3F59C7319600023C7F8343116E007F5F3
:106450009C73A3F59A731B68D7F83421023253F862
:10646000221007F59C73A3F59673D7F8342143F8EF
:106470002210D7F834310133C7F83431D7F834312A
:10648000072BE4D90023C7F834313EE0D7F8343184
:106490009B0007F59C72A2F59C72126813441B784E
:1064A0001A06D7F834319B00013307F59C71A1F52A
:1064B0009C7109680B441B781B041A43D7F83431CC
:1064C0009B00023307F59C71A1F59C7109680B4490
:1064D0001B781B021343D7F834219200033207F5CF
:1064E0009C71A1F59C7109680A44127843EA020183
:1064F00007F59C73A3F58673D7F8342143F822106F
:10650000D7F834310133C7F83431D7F834310F2B91
:10651000BCD90023C7F8343100F0BABC07F59C732E
:10652000A3F59673DA6907F59C73A3F596731B6957
:106530004FEAB31107F59C73A3F596731B694FEAF5
:10654000F323594007F59C73A3F596731B694FEA33
:1065500073634B401A4407F59C73A3F596739969CE
:1065600007F59C73A3F59673186907F59C73A3F55B
:1065700096735C6907F59C73A3F596739B696340FA
:1065800003404B401A44E049D7F8343151F82330E6
:106590001A4407F59C73A3F58673D7F8341153F8A2
:1065A00021301344C7F8303107F59C73A3F5967377
:1065B0001B684FEAB30207F59C73A3F596731B683B
:1065C0004FEA73335A4007F59C73A3F596731B6823
:1065D0004FEAB3535A4007F59C73A3F596731968B5
:1065E00007F59C73A3F596735B68194007F59C73D8
:1065F000A3F59673986807F59C73A3F596731C68CA
:1066000007F59C73A3F596735B68234303400B4324
:106610001344C7F82C3107F59C73A3F59673DA6819
:10662000D7F830311A4407F59C73A3F59673DA60F6
:10663000D7F83021D7F82C311A4407F59C73A3F50D
:106640009673DA6107F59C73A3F596739A6907F55B
:106650009C73A3F59673DB684FEAB31107F59C733F
:10666000A3F59673DB684FEAF323594007F59C7353
:10667000A3F59673DB684FEA73634B401A4407F542
:106680009C73A3F59673596907F59C73A3F59673EC
:10669000D86807F59C73A3F596731C6907F59C737E
:1066A000A3F596735B69634003404B401A44D7F8E7
:1066B00034310133944951F823301A44D7F8343136
:1066C000591C07F59C73A3F5867353F821301344C6
:1066D000C7F8303107F59C73A3F59673DB694FEA71
:1066E000B30207F59C73A3F59673DB694FEA733326
:1066F0005A4007F59C73A3F59673DB694FEAB353D1
:106700005A4007F59C73A3F59673D96907F59C73F6
:10671000A3F596731B68194007F59C73A3F5967350
:10672000586807F59C73A3F59673DC6907F59C73AD
:10673000A3F596731B68234303400B431344C7F828
:106740002C3107F59C73A3F596739A68D7F830310E
:106750001A4407F59C73A3F596739A60D7F8302115
:10676000D7F82C311A4407F59C73A3F596739A61F8
:1067700007F59C73A3F596735A6907F59C73A3F507
:1067800096739B684FEAB31107F59C73A3F5967354
:106790009B684FEAF323594007F59C73A3F5967362
:1067A0009B684FEA73634B401A4407F59C73A3F54B
:1067B0009673196907F59C73A3F59673986807F5A6
:1067C0009C73A3F59673DC6807F59C73A3F5967329
:1067D0001B69634003404B401A44D7F834310233FD
:1067E000494951F823301A44D7F83431991C07F538
:1067F0009C73A3F5867353F821301344C7F83031E6
:1068000007F59C73A3F596739B694FEAB30207F5EE
:106810009C73A3F596739B694FEA73335A4007F54F
:106820009C73A3F596739B694FEAB3535A4007F5DF
:106830009C73A3F59673996907F59C73A3F59673FA
:10684000DB69194007F59C73A3F59673186807F583
:106850009C73A3F596739C6907F59C73A3F59673D7
:10686000DB69234303400B431344C7F82C3107F57E
:106870009C73A3F596735A68D7F830311A4407F51C
:106880009C73A3F596735A60D7F83021D7F82C3152
:106890001A4407F59C73A3F596735A6107F59C7328
:1068A000A3F596731A6907F59C73A3F596735B6855
:1068B0004FEAB31107F59C73A3F596735B684FEA33
:1068C000F323594007F59C73A3F596735B684FEA71
:1068D00073634B401A4407F59C73A3F59673D9680C
:1068E00007F59C73A3F59673586807F59C73A3F599
:1068F00096739C6807F59C73A3F59673DB686340F9
:1069000003404B401A4401E0AC920008D7F8343100
:106910000333E04951F823301A44D7F83431D91CF5
:1069200007F59C73A3F5867353F821301344C7F819
:10693000303107F59C73A3F596735B694FEAB30298
:1069400007F59C73A3F596735B694FEA73335A405E
:1069500007F59C73A3F596735B694FEAB3535A40EE
:1069600007F59C73A3F59673596907F59C73A3F516
:1069700096739B69194007F59C73A3F59673D869C4
:1069800007F59C73A3F596735C6907F59C73A3F5F3
:1069900096739B69234303400B431344C7F82C3180
:1069A00007F59C73A3F596731A68D7F830311A442B
:1069B00007F59C73A3F596731A60D7F83021D7F8C2
:1069C0002C311A4407F59C73A3F596731A6107F5E9
:1069D0009C73A3F59673DA6807F59C73A3F5967319
:1069E0001B684FEAB31107F59C73A3F596731B68F8
:1069F0004FEAF323594007F59C73A3F596731B6880
:106A00004FEA73634B401A4407F59C73A3F59673E2
:106A1000996807F59C73A3F59673186807F59C733E
:106A2000A3F596735C6807F59C73A3F596739B6852
:106A3000634003404B401A44D7F83431043395493E
:106A400051F823301A44D7F83431191D07F59C73D7
:106A5000A3F5867353F821301344C7F8303107F596
:106A60009C73A3F596731B694FEAB30207F59C73F9
:106A7000A3F596731B694FEA73335A4007F59C736D
:106A8000A3F596731B694FEAB3535A4007F59C73FD
:106A9000A3F59673196907F59C73A3F596735B6963
:106AA000194007F59C73A3F59673986907F59C73D5
:106AB000A3F596731C6907F59C73A3F596735B6940
:106AC000234303400B431344C7F82C3107F59C7351
:106AD000A3F59673DA69D7F830311A4407F59C7339
:106AE000A3F59673DA61D7F83021D7F82C311A4420
:106AF00007F59C73A3F59673DA6007F59C73A3F50D
:106B000096739A6807F59C73A3F59673DB694FEA51
:106B1000B31107F59C73A3F59673DB694FEAF32372
:106B2000594007F59C73A3F59673DB694FEA7363CD
:106B30004B401A4407F59C73A3F59673596807F503
:106B40009C73A3F59673D86907F59C73A3F59673A8
:106B50001C6807F59C73A3F596735B68634003405C
:106B60004B401A44D7F8343105334A4951F82330A1
:106B70001A44D7F83431591D07F59C73A3F5867371
:106B800053F821301344C7F8303107F59C73A3F54F
:106B90009673DB684FEAB30207F59C73A3F596730F
:106BA000DB684FEA73335A4007F59C73A3F596737D
:106BB000DB684FEAB3535A4007F59C73A3F596730D
:106BC000D96807F59C73A3F596731B69194007F5FF
:106BD0009C73A3F59673586907F59C73A3F5967398
:106BE000DC6807F59C73A3F596731B692343034088
:106BF0000B431344C7F82C3107F59C73A3F5967328
:106C00009A69D7F830311A4407F59C73A3F5967347
:106C10009A61D7F83021D7F82C311A4407F59C73C4
:106C2000A3F596739A6007F59C73A3F596735A685B
:106C300007F59C73A3F596739B694FEAB31107F5AB
:106C40009C73A3F596739B694FEAF323594007F5AC
:106C50009C73A3F596739B694FEA73634B401A4488
:106C600007F59C73A3F59673196807F59C73A3F554
:106C70009673986907F59C73A3F59673DC6907F51D
:106C80009C73A3F596731B68634003404B401A4402
:106C900002E000BFAC920008D7F8343106338149D6
:106CA00051F823301A44D7F83431991D07F59C73F5
:106CB000A3F5867353F821301344C7F8303107F534
:106CC0009C73A3F596739B684FEAB30207F59C7318
:106CD000A3F596739B684FEA73335A4007F59C738C
:106CE000A3F596739B684FEAB3535A4007F59C731C
:106CF000A3F59673996807F59C73A3F59673DB6803
:106D0000194007F59C73A3F59673186907F59C73F2
:106D1000A3F596739C6807F59C73A3F59673DB68DF
:106D2000234303400B431344C7F82C3107F59C73EE
:106D3000A3F596735A69D7F830311A4407F59C7356
:106D4000A3F596735A61D7F83021D7F82C311A443D
:106D500007F59C73A3F596735A6007F59C73A3F52A
:106D600096731A6807F59C73A3F596735B694FEAEF
:106D7000B31107F59C73A3F596735B694FEAF32390
:106D8000594007F59C73A3F596735B694FEA7363EB
:106D90004B401A4407F59C73A3F59673D96907F520
:106DA0009C73A3F59673586907F59C73A3F59673C6
:106DB0009C6907F59C73A3F59673DB6963400340F8
:106DC0004B401A44D7F834310733364951F8233051
:106DD0001A44D7F83431D91D07F59C73A3F586738F
:106DE00053F821301344C7F8303107F59C73A3F5ED
:106DF00096735B684FEAB30207F59C73A3F596732D
:106E00005B684FEA73335A4007F59C73A3F596739A
:106E10005B684FEAB3535A4007F59C73A3F596732A
:106E2000596807F59C73A3F596739B68194007F59D
:106E30009C73A3F59673D86807F59C73A3F59673B6
:106E40005C6807F59C73A3F596739B682343034026
:106E50000B431344C7F82C3107F59C73A3F59673C5
:106E60001A69D7F830311A4407F59C73A3F5967365
:106E70001A61D7F83021D7F82C311A4407F59C73E2
:106E8000A3F596731A60D7F834310833C7F8343154
:106E9000D7F834310F2B7FF641AB1023C7F83431CC
:106EA00000F0D5BFAC92000807F59C73A3F596736C
:106EB000DA6907F59C73A3F596731B694FEAB31162
:106EC00007F59C73A3F596731B694FEAF3235940AA
:106ED00007F59C73A3F596731B694FEA73634B40E8
:106EE0001A4407F59C73A3F59673996907F59C738B
:106EF000A3F59673186907F59C73A3F596735C69FF
:106F000007F59C73A3F596739B69634003404B4060
:106F10001A44EC49D7F8343151F823301A44D7F8E1
:106F20003431991E07F59C73A3F5867353F821300D
:106F30004FEA7341D7F83431981E07F59C73A3F5D7
:106F4000867353F820304FEAF3435940D7F8343171
:106F5000981E07F59C73A3F5867353F820309B0A9F
:106F60005940D7F83431D81F07F59C73A3F58673C1
:106F700053F820301944D7F83431A3F10F0007F546
:106F80009C73A3F5867353F820304FEAF310D7F8BB
:106F90003431A3F10F0407F59C73A3F5867353F8FE
:106FA00024304FEAB3435840D7F83431A3F10F04EB
:106FB00007F59C73A3F5867353F82430DB08434030
:106FC0001944D7F83431A3F1100007F59C73A3F5E9
:106FD000867353F82030C81807F59C73A3F58673A1
:106FE000D7F8341143F8210007F59C73A3F5867395
:106FF000D7F8341153F821301344C7F8303107F56E
:107000009C73A3F596731B684FEAB30207F59C7354
:10701000A3F596731B684FEA73335A4007F59C73C8
:10702000A3F596731B684FEAB3535A4007F59C7358
:10703000A3F59673196807F59C73A3F596735B68BF
:10704000194007F59C73A3F59673986807F59C7330
:10705000A3F596731C6807F59C73A3F596735B689C
:10706000234303400B431344C7F82C3107F59C73AB
:10707000A3F59673DA68D7F830311A4407F59C7394
:10708000A3F59673DA60D7F83021D7F82C311A447B
:1070900007F59C73A3F59673DA6107F59C73A3F566
:1070A00096739A6907F59C73A3F59673DB684FEAAC
:1070B000B31107F59C73A3F59673DB684FEAF323CE
:1070C000594007F59C73A3F59673DB684FEA736329
:1070D0004B401A4407F59C73A3F59673596907F55D
:1070E0009C73A3F59673D86807F59C73A3F5967304
:1070F0001C6907F59C73A3F596735B6963400340B5
:107100004B401A44D7F8343101336E4951F82330DB
:107110001A44D7F83431591E07F59C73A3F58673CA
:1071200053F821304FEA7341D7F83431581E07F530
:107130009C73A3F5867353F820304FEAF34359400C
:10714000D7F83431581E07F59C73A3F5867353F8AE
:1071500020309B0A5940D7F83431981F07F59C73AB
:10716000A3F5867353F820301944D7F83431A3F1CE
:107170000E0007F59C73A3F5867353F820304FEA91
:10718000F310D7F83431A3F10E0407F59C73A3F57F
:10719000867353F824304FEAB3435840D7F834315C
:1071A000A3F10E0407F59C73A3F5867353F82430FE
:1071B000DB084340C818D7F83431A3F10F0107F5B5
:1071C0009C73A3F5867353F82110D7F8343101333B
:1071D000084407F59C71A1F5867141F8230007F575
:1071E0009C71A1F5867151F823301344C7F83031F2
:1071F00007F59C73A3F59673DB694FEAB30207F5B5
:107200009C73A3F59673DB694FEA73335A4007F515
:107210009C73A3F59673DB694FEAB3535A4007F5A5
:107220009C73A3F59673D96907F59C73A3F59673C0
:107230001B68194007F59C73A3F59673586807F50A
:107240009C73A3F59673DC6907F59C73A3F596739D
:107250001B68234303400B431344C7F82C3107F545
:107260009C73A3F596739A68D7F830311A4407F5E2
:107270009C73A3F596739A60D7F83021D7F82C3118
:107280001A4407F59C73A3F596739A6107F59C73EE
:10729000A3F596735A6907F59C73A3F596739B68DB
:1072A0004FEAB31107F59C73A3F596739B684FEAF9
:1072B000F323594007F59C73A3F596739B684FEA37
:1072C000736301E0AC9200084B401A4407F59C73CD
:1072D000A3F59673196907F59C73A3F596739868DF
:1072E00007F59C73A3F59673DC6807F59C73A3F50B
:1072F00096731B69634003404B401A44D7F83431FE
:107300000233EC4951F823301A4407F59C73A3F576
:107310008673D7F8341153F821304FEA734107F5DB
:107320009C73A3F58673D7F8340153F820304FEAE5
:10733000F343594007F59C73A3F58673D7F83401DE
:1073400053F820309B0A5940D7F83431581F07F5BD
:107350009C73A3F5867353F820301944D7F8343161
:10736000A3F10D0007F59C73A3F5867353F8203045
:107370004FEAF310D7F83431A3F10D0407F59C73ED
:10738000A3F5867353F824304FEAB3435840D7F837
:107390003431A3F10D0407F59C73A3F5867353F8FC
:1073A0002430DB084340C818D7F83431A3F10E016C
:1073B00007F59C73A3F5867353F82110D7F8343181
:1073C0000233084407F59C71A1F5867141F823004A
:1073D00007F59C71A1F5867151F823301344C7F865
:1073E000303107F59C73A3F596739B694FEAB3029E
:1073F00007F59C73A3F596739B694FEA73335A4064
:1074000007F59C73A3F596739B694FEAB3535A40F3
:1074100007F59C73A3F59673996907F59C73A3F51B
:107420009673DB69194007F59C73A3F5967318688A
:1074300007F59C73A3F596739C6907F59C73A3F5F8
:107440009673DB69234303400B431344C7F82C3185
:1074500007F59C73A3F596735A68D7F830311A4430
:1074600007F59C73A3F596735A60D7F83021D7F8C7
:107470002C311A4407F59C73A3F596735A6107F5EE
:107480009C73A3F596731A6907F59C73A3F596731D
:107490005B684FEAB31107F59C73A3F596735B68BD
:1074A0004FEAF323594007F59C73A3F596735B6885
:1074B0004FEA73634B401A4407F59C73A3F5967328
:1074C000D96807F59C73A3F59673586807F59C7304
:1074D000A3F596739C6807F59C73A3F59673DB6818
:1074E000634003404B401A44D7F8343103337149A9
:1074F00051F823301A44D7F83431591C07F59C73DE
:10750000A3F5867353F821304FEA7341D7F834312D
:10751000581C07F59C73A3F5867353F820304FEA87
:10752000F3435940D7F83431581C07F59C73A3F541
:10753000867353F820309B0A5940D7F83431181F0E
:1075400007F59C73A3F5867353F820301944D7F8D8
:107550003431A3F10C0007F59C73A3F5867353F83F
:1075600020304FEAF310D7F83431A3F10C0407F5BB
:107570009C73A3F5867353F824304FEAB343584005
:10758000D7F83431A3F10C0407F59C73A3F5867387
:1075900053F82430DB084340C818D7F83431A3F13E
:1075A0000D0107F59C73A3F5867353F82110D7F8E6
:1075B00034310333084407F59C71A1F5867141F815
:1075C000230007F59C71A1F5867151F8233013440F
:1075D000C7F8303107F59C73A3F596735B694FEAE2
:1075E000B30207F59C73A3F596735B694FEA733397
:1075F0005A4007F59C73A3F596735B694FEAB35342
:107600005A4007F59C73A3F59673596907F59C7367
:10761000A3F596739B69194007F59C73A3F59673C0
:10762000D86907F59C73A3F596735C6907F59C739D
:10763000A3F596739B69234303400B431344C7F898
:107640002C3107F59C73A3F596731A68D7F830317F
:107650001A4407F59C73A3F596731A60D7F8302186
:10766000D7F82C311A4407F59C73A3F596731A6169
:1076700007F59C73A3F59673DA6807F59C73A3F579
:1076800096731B684FEAB31107F59C73A3F59673C5
:107690001B684FEAF323594007F59C73A3F59673D3
:1076A0001B684FEA73634B401A4407F59C73A3F5BC
:1076B000967301E0AC920008996807F59C73A3F5F6
:1076C0009673186807F59C73A3F596735C6807F5C5
:1076D0009C73A3F596739B68634003404B401A4428
:1076E000D7F834310433EC4951F823301A44D7F831
:1076F0003431991C07F59C73A3F5867353F8213038
:107700004FEA7341D7F83431981C07F59C73A3F501
:10771000867353F820304FEAF3435940D7F8343199
:10772000981C07F59C73A3F5867353F820309B0AC9
:107730005940D7F83431D81E07F59C73A3F58673EA
:1077400053F820301944D7F83431A3F10B0007F572
:107750009C73A3F5867353F820304FEAF310D7F8E3
:107760003431A3F10B0407F59C73A3F5867353F82A
:1077700024304FEAB3435840D7F83431A3F10B0417
:1077800007F59C73A3F5867353F82430DB08434058
:10779000C818D7F83431A3F10C0107F59C73A3F591
:1077A000867353F82110D7F834310433084407F5B1
:1077B0009C71A1F5867141F8230007F59C71A1F534
:1077C000867151F823301344C7F8303107F59C73A4
:1077D000A3F596731B694FEAB30207F59C73A3F5F3
:1077E00096731B694FEA73335A4007F59C73A3F5F0
:1077F00096731B694FEAB3535A4007F59C73A3F580
:107800009673196907F59C73A3F596735B69194024
:1078100007F59C73A3F59673986907F59C73A3F518
:1078200096731C6907F59C73A3F596735B692343F4
:1078300003400B431344C7F82C3107F59C73A3F5A1
:107840009673DA69D7F830311A4407F59C73A3F5BB
:107850009673DA61D7F83021D7F82C311A4407F53E
:107860009C73A3F59673DA6007F59C73A3F5967382
:107870009A6807F59C73A3F59673DB694FEAB31119
:1078800007F59C73A3F59673DB694FEAF323594020
:1078900007F59C73A3F59673DB694FEA73634B405E
:1078A0001A4407F59C73A3F59673596807F59C7302
:1078B000A3F59673D86907F59C73A3F596731C68B6
:1078C00007F59C73A3F596735B68634003404B40D8
:1078D0001A44D7F8343105336F4951F823301A442C
:1078E000D7F83431D91C07F59C73A3F5867353F888
:1078F00021304FEA7341D7F83431D81C07F59C7317
:10790000A3F5867353F820304FEAF3435940D7F874
:107910003431D81C07F59C73A3F5867353F82030D7
:107920009B0A5940D7F83431981E07F59C73A3F58C
:10793000867353F820301944D7F83431A3F10A0084
:1079400007F59C73A3F5867353F820304FEAF310C4
:10795000D7F83431A3F10A0407F59C73A3F58673B5
:1079600053F824304FEAB3435840D7F83431A3F1E9
:107970000A0407F59C73A3F5867353F82430DB08DB
:107980004340C818D7F83431A3F10B0107F59C73B5
:10799000A3F5867353F82110D7F834310533084422
:1079A00007F59C71A1F5867141F8230007F59C71DC
:1079B000A1F5867151F823301344C7F8303107F52B
:1079C0009C73A3F59673DB684FEAB30207F59C73CB
:1079D000A3F59673DB684FEA73335A4007F59C733F
:1079E000A3F59673DB684FEAB3535A4007F59C73CF
:1079F000A3F59673D96807F59C73A3F596731B6975
:107A0000194007F59C73A3F59673586907F59C73A5
:107A1000A3F59673DC6807F59C73A3F596731B6951
:107A2000234303400B431344C7F82C3107F59C73E1
:107A3000A3F596739A69D7F830311A4407F59C7309
:107A4000A3F596739A61D7F83021D7F82C311A44F0
:107A500007F59C73A3F596739A6007F59C73A3F5DD
:107A600096735A6807F59C73A3F596739B694FEA62
:107A7000B31107F59C73A3F596739B694FEAF32343
:107A8000594007F59C73A3F596739B694FEA73639E
:107A90004B401A4402E000BFAC92000807F59C730B
:107AA000A3F59673196807F59C73A3F59673986907
:107AB00007F59C73A3F59673DC6907F59C73A3F532
:107AC00096731B68634003404B401A44D7F8343127
:107AD0000633E34951F823301A44D7F83431191DDD
:107AE00007F59C73A3F5867353F821304FEA734171
:107AF000D7F83431181D07F59C73A3F5867353F836
:107B000020304FEAF3435940D7F83431181D07F5B8
:107B10009C73A3F5867353F820309B0A5940D7F81D
:107B20003431581E07F59C73A3F5867353F8203043
:107B30001944D7F83431A3F1090007F59C73A3F574
:107B4000867353F820304FEAF310D7F83431A3F19D
:107B5000090407F59C73A3F5867353F824304FEAA4
:107B6000B3435840D7F83431A3F1090407F59C73A7
:107B7000A3F5867353F82430DB084340C818D7F8C0
:107B80003431A3F10A0107F59C73A3F5867353F80A
:107B90002110D7F834310633084407F59C71A1F55C
:107BA000867141F8230007F59C71A1F5867151F8A3
:107BB00023301344C7F8303107F59C73A3F596734F
:107BC0009B684FEAB30207F59C73A3F596739B6815
:107BD0004FEA73335A4007F59C73A3F596739B687D
:107BE0004FEAB3535A4007F59C73A3F5967399680F
:107BF00007F59C73A3F59673DB68194007F59C7332
:107C0000A3F59673186907F59C73A3F596739C68A2
:107C100007F59C73A3F59673DB68234303400B437E
:107C20001344C7F82C3107F59C73A3F596735A6972
:107C3000D7F830311A4407F59C73A3F596735A614F
:107C4000D7F83021D7F82C311A4407F59C73A3F5E7
:107C500096735A6007F59C73A3F596731A6807F537
:107C60009C73A3F596735B694FEAB31107F59C7398
:107C7000A3F596735B694FEAF323594007F59C73AC
:107C8000A3F596735B694FEA73634B401A4407F59B
:107C90009C73A3F59673D96907F59C73A3F5967346
:107CA000586907F59C73A3F596739C6907F59C7357
:107CB000A3F59673DB69634003404B401A44D7F841
:107CC00034310733664951F823301A44D7F8343138
:107CD000591D07F59C73A3F5867353F821304FEABD
:107CE0007341D7F83431581D07F59C73A3F586739B
:107CF00053F820304FEAF3435940D7F83431581D38
:107D000007F59C73A3F5867353F820309B0A5940FE
:107D100007F59C73A3F58673D7F8340153F8203028
:107D20001944D7F83431A3F1080007F59C73A3F583
:107D3000867353F820304FEAF310D7F83431A3F1AB
:107D4000080407F59C73A3F5867353F824304FEAB3
:107D5000B3435840D7F83431A3F1080407F59C73B6
:107D6000A3F5867353F82430DB084340C818D7F8CE
:107D70003431A3F1090107F59C73A3F5867353F819
:107D80002110D7F834310733084407F59C71A1F569
:107D9000867141F8230007F59C71A1F5867151F8B1
:107DA00023301344C7F8303107F59C73A3F596735D
:107DB0005B684FEAB30207F59C73A3F596735B68A3
:107DC0004FEA73335A4007F59C73A3F596735B68CB
:107DD0004FEAB3535A4007F59C73A3F5967359685D
:107DE00007F59C73A3F596739B68194007F59C7380
:107DF000A3F59673D86807F59C73A3F596735C6832
:107E000007F59C73A3F596739B68234303400B43CC
:107E10001344C7F82C3107F59C73A3F596731A69C0
:107E2000D7F830311A4407F59C73A3F596731A619D
:107E3000D7F83021D7F82C311A4407F59C73A3F5F5
:107E400096731A60D7F834310833C7F83431D7F84D
:107E500034313F2B7FF628A80023C7F8343123E0C4
:107E6000AC92000807F59C73A3F59A731B68D7F8CA
:107E70003421023253F8222007F59C73A3F5967340
:107E8000D7F8341153F82130D11807F59C73A3F5B6
:107E90009A731B68D7F83421023243F82210D7F8BE
:107EA00034310133C7F83431D7F83431072BD9D9FD
:107EB0000023184607F59C77BD4690BC704700BF6D
:107EC00080B588B000AFF860B9607A607B68002B3D
:107ED00001D1002365E0FB681B6803F03F03FB61F1
:107EE000FB69C3F14003BB61FB681A687B681A44F5
:107EF000FB681A60FB681A68FB681A60FB681B68FD
:107F00007A689A4204D9FB685B685A1CFB685A601D
:107F1000FB69002B34D07A68BB699A4230D3FB6886
:107F200003F12802FB691344BA69B968184600F0E6
:107F3000E6FCFB6828331946F868FEF777FA7861A3
:107F40007B69002B01D07B692BE0BA68BB691344C5
:107F5000BB607A68BB69D31A7B600023FB610FE0CA
:107F6000B968F868FEF762FA78617B69002B01D086
:107F70007B6916E0BB684033BB607B68403B7B603D
:107F80007B683F2BECD87B68002B09D0FB6803F1A2
:107F90002802FB6913447A68B968184600F0AFFC00
:107FA000002318462037BD4680BD80B586B000AF9F
:107FB000786039607B681B6803F03F037B617B69F5
:107FC0005A1C7A617A681344802283F828207B69DE
:107FD000382B0CD87B6803F128027B69D0187B69A9
:107FE000C3F138031A46002100F0FEFB1EE07B6857
:107FF00003F128027B69D0187B69C3F140031A465C
:10800000002100F0F1FB7B68283319467868FEF701
:108010000DFA38613B69002B01D03B6928E17B6890
:10802000283338220021184600F0DEFB7B681B68ED
:108030005A0F7B685B68DB001343FB607B681B683F
:10804000DB00BB60FB681B0EDAB27B6883F8602044
:10805000FB681B0CDAB27B6883F86120FB681B0AA3
:10806000DAB27B6883F86220FB68DAB27B6883F857
:108070006320BB681B0EDAB27B6883F86420BB68A0
:108080001B0CDAB27B6883F86520BB681B0ADAB286
:108090007B6883F86620BB68DAB27B6883F8672068
:1080A0007B68283319467868FEF7C0F938613B6968
:1080B000002B01D03B69DBE07B689B681B0EDAB2CA
:1080C0003B681A707B689B681A0C3B680133D2B21C
:1080D0001A707B689B681A0A3B680233D2B21A7026
:1080E0007B689A683B680333D2B21A707B68DB689E
:1080F0001A0E3B680433D2B21A707B68DB681A0C24
:108100003B680533D2B21A707B68DB681A0A3B6899
:108110000633D2B21A707B68DA683B680733D2B292
:108120001A707B681B691A0E3B680833D2B21A704A
:108130007B681B691A0C3B680933D2B21A707B68E2
:108140001B691A0A3B680A33D2B21A707B681A6933
:108150003B680B33D2B21A707B685B691A0E3B68BE
:108160000C33D2B21A707B685B691A0C3B680D3312
:10817000D2B21A707B685B691A0A3B680E33D2B2BE
:108180001A707B685A693B680F33D2B21A707B68E9
:108190009B691A0E3B681033D2B21A707B689B69D8
:1081A0001A0C3B681133D2B21A707B689B691A0AA9
:1081B0003B681233D2B21A707B689A693B681333FA
:1081C000D2B21A707B68DB691A0E3B681433D2B2E4
:1081D0001A707B68DB691A0C3B681533D2B21A70CF
:1081E0007B68DB691A0A3B681633D2B21A707B6867
:1081F000DA693B681733D2B21A707B681B6A1A0EB1
:108200003B681833D2B21A707B681B6A1A0C3B6841
:108210001933D2B21A707B681B6A1A0A3B681A3388
:10822000D2B21A707B681A6A3B681B33D2B21A70DA
:108230007B689B6E002B1AD17B685B6A1A0E3B68C9
:108240001C33D2B21A707B685B6A1A0C3B681D3310
:10825000D2B21A707B685B6A1A0A3B681E33D2B2CC
:108260001A707B685A6A3B681F33D2B21A700023B7
:1082700018461837BD4680BD70B50F4E0C463168A4
:10828000054611B900F0ECFA30602146284600F0AE
:10829000E7FA431C03D14FF0FF34204670BDC41CE5
:1082A00024F00304A042F8D0211A284600F0D8FA9E
:1082B0000130F2D1EFE700BFC40500202DE9F843FB
:1082C000CD1C25F0030508350C2D38BF0C25002DDD
:1082D000064601DBA94204D90C2333600020BDE827
:1082E000F883DFF8D48000F069F8D8F800301C4635
:1082F00044BB29463046FFF7BFFF431C044658D114
:10830000D8F800402746002F43D1002C4BD02368DB
:108310003946304604EB030900F0A2FA814542D108
:1083200021686D1A29463046FFF7A6FF01303AD082
:1083300023682B442360D8F800305A6862BBC8F821
:1083400000700FE02268521B20D40B2A17D9611944
:10835000A342256018BF5960636808BFC8F80010C1
:1083600062514B60304600F02FF804F10B00231DE2
:1083700020F00700C21A1CBF1B1AA350AFE76268A7
:10838000A3420CBFC8F800205A60EBE7234664689C
:10839000AEE73C467F68B6E71A465B68A342FBD16E
:1083A00000235360DEE70C233360304600F00CF806
:1083B00094E70560D6E700BFC8050020014800F03B
:1083C0009CBA00BF0C070020014800F097BA00BF1C
:1083D0000C070020002310B50446C0E90033C0E9B3
:1083E0000433836081814366C28183611946082218
:1083F0005C3000F0F9F90D4B63620D4BA3620D4B3D
:10840000E3620D4B23630D4B24629C4206D003F1C3
:108410006802944202D0D0339C4205D104F1580046
:10842000BDE8104000F068BA10BD00BF39860008F2
:108430005B86000893860008B7860008CC050020FC
:10844000024A0349034800F069B800BF0C0000204D
:10845000559000081C00002041680C4B994210B553
:10846000044601D000F0F6FDA168094B994202D004
:10847000204600F0EFFDE168064B994204D020460B
:10848000BDE8104000F0E6BD10BD00BFCC050020E7
:10849000340600209C06002010B50B4B0B4C0C4AF8
:1084A0001A60204600220421FFF794FF04F16800BF
:1084B00001220921FFF78EFF04F1D0000222BDE85E
:1084C00010401221FFF786BF04070020CC050020D2
:1084D00041840008014800F010BA00BF0D070020D9
:1084E000014800F00BBA00BF0D07002010B504468C
:1084F000FFF7F0FF236A1BB1BDE81040FFF7F0BFA4
:10850000044B2362044B1B68002BF5D1FFF7C4FF1B
:10851000F2E700BF59840008040700202DE9F84362
:108520000746884614460026D4E90195B9F10109A9
:1085300005D52468002CF7D13046BDE8F883AB8917
:10854000012B07D9B5F90E30013303D0294638463F
:10855000C04706436835E9E70FB407B5064904ABE1
:10856000086853F8042B8168019300F04BFA03B0BC
:108570005DF804EB04B0704718000020036A70B582
:10858000846805460E460BB9FFF7B0FF636EDB0744
:1085900005D4A389980502D4A06D00F0AEF9A38993
:1085A000190702D52369002B35D12146284600F052
:1085B000C5F880B34FF0FF35636EDA0705D4A389A1
:1085C0009B0502D4A06D00F099F9284670BD002BE0
:1085D00004DAA2699A4217DC0A2915D023685A1CCA
:1085E00022601970A36816F8011F013BA3600029DF
:1085F000EDD1002B11DA22460A21284600F05FF85F
:108600000130D7D00A25D7E72246284600F057F890
:108610000130E7D1CEE7013EE4E723685A1C22602F
:108620000A221A70EEE70000024B01461868FFF7B5
:10863000A5BF00BF1800002010B50C46B1F90E1000
:1086400000F0FCF80028ABBF636DA3891B1823F46E
:108650008053ACBF6365A38110BD2DE9F0411F4677
:108660008B89DB0505460C46164605D5B1F90E107B
:108670000223002200F0D0F8A389B4F90E1023F4ED
:108680008053A38132463B462846BDE8F04100F0C6
:10869000F7B810B50C46B1F90E1000F0BDF8431C48
:1086A000A38915BF606523F4805343F48053A381ED
:1086B00018BFA38110BDB1F90E1000F09DB8F8B538
:1086C0000E461446054618B1036A0BB9FFF70EFFB4
:1086D000A369A360A3891A0701D5236943B9214679
:1086E000284600F02BF818B14FF0FF373846F8BD98
:1086F00023682269981A6369F6B28342374605DC1B
:108700002146284600F0A6FC0028EDD1A368013BD5
:10871000A36023685A1C22601E706269431C9A423F
:1087200004D0A389DB07E1D50A2EDFD121462846F4
:1087300000F090FC0028D9D0D6E7000038B5294BCE
:10874000054618680C4618B1036A0BB9FFF7CEFE50
:10875000B4F90C30190722D4DA0607D409222A60AA
:1087600043F04003A3814FF0FF3033E0580712D5A8
:10877000616B41B104F14403994202D0284600F0F4
:10878000CDF800236363A38923F02403A38100238E
:10879000636023692360A38943F00803A3812369ED
:1087A0004BB9A38903F42073B3F5007F03D02146AE
:1087B000284600F09DFCB4F90C3013F001020AD0F9
:1087C0000022A26062695242A261226942B913F09A
:1087D0008000C5D138BD990758BF6269A260F4E72F
:1087E0000020F7E71800002002440346934200D11E
:1087F000704703F8011BF9E738B5064D002304461E
:1088000008462B60F8F7E9FB431C02D12B6803B143
:10881000236038BD0807002038B5074D04460846D8
:10882000114600222A601A46F8F7FEFB431C02D1CB
:108830002B6803B1236038BD0807002038B5074D09
:1088400004460846114600222A601A46F8F78CFBB7
:10885000431C02D12B6803B1236038BD08070020F8
:1088600038B5064D0023044608462B60F8F7EAFBAE
:10887000431C02D12B6803B1236038BD08070020D8
:1088800038B5074D04460846114600222A601A46AC
:10889000F8F787FB431C02D12B6803B1236038BD76
:1088A00008070020014B1868704700BF180000201F
:1088B00070B50D4D0D4C641BA4100026A64209D1C5
:1088C0000B4D0C4C00F072FC641BA4100026A64259
:1088D00005D170BD55F8043B98470136EEE755F8D1
:1088E000043B98470136F2E7E8930008E893000854
:1088F000E8930008EC9300087047704770470A44FB
:10890000914200F1FF3300D1704710B511F8014BCF
:1089100003F8014F9142F9D110BD000038B505466A
:10892000002941D051F8043C0C1F002BB8BFE418BB
:10893000FFF744FD1D4A136833B96360146028468D
:10894000BDE83840FFF740BDA34208D92068211890
:108950008B4201BF19685B6809182160EDE71A4670
:108960005B680BB1A342FAD911685018A0420BD131
:1089700020680144501883421160E0D118685B6898
:10898000536008441060DAE702D90C232B60D6E765
:10899000206821188B4204BF19685B68636004BFBC
:1089A000091821605460CAE738BD00BFC80500201F
:1089B0009368013B002B10B4936008DA9469A342DA
:1089C00001DB0A2903D15DF8044BFFF778BE136879
:1089D000581C1060197008465DF8044B7047F8B5D4
:1089E00006460F461446D518AC4201D1002007E0D8
:1089F00014F8011B3A463046FFF7DAFF431CF3D167
:108A0000F8BD00002DE9F04F0D469DB01446984684
:108A1000064618B1036A0BB9FFF768FD6B6ED907FC
:108A200005D4AB899A0502D4A86DFFF766FFAB8920
:108A30001B0701D52B699BB929463046FFF77EFEFF
:108A400070B16B6EDC0704D54FF0FF301DB0BDE890
:108A5000F08FAB899805F7D4A86DFFF74FFFF3E7C8
:108A60000023099320238DF82930CDF80C80302382
:108A7000DFF8AC818DF82A304FF0010923469A4681
:108A800013F8012B0AB1252AF9D1BAEB040B0BD04C
:108A90005B46224629463046FFF7A1FF013000F031
:108AA000A780099A5A4409929AF80030002B00F0E6
:108AB0009F8000234FF0FF32CDE905230AF1010A20
:108AC000049307938DF853301A935446052214F8F3
:108AD000011B5348F7F77CFB049AD8B9D10644BF71
:108AE00020238DF85330130744BF2B238DF85330C8
:108AF0009AF800302A2B15D0079A544600204FF0E0
:108B00000A0C214611F8013B303B092B4BD9B0B17F
:108B1000079214E0A0EB080309FA03F3134304934C
:108B2000A246D2E7039B191D1B680391002BBBBF14
:108B30005B4242F0020207930793B8BF0492237886
:108B40002E2B0AD163782A2B32D1039B1A1D1B6866
:108B5000039243EAE37302340593DFF8D4A021784B
:108B600003225046F7F734FB38B1049BA0EB0A0010
:108B70004022824013430134049314F8011B294816
:108B80008DF828100622F7F723FB00283FD0264B4C
:108B90001BBB039B073323F0070308330393099B95
:108BA0003B4409936AE70CFB02320C460120A8E71C
:108BB00000230134059319464FF00A0C204610F8A3
:108BC000012B303A092A03D9002BC6D00591C4E7FE
:108BD0000CFB012104460123F0E703AB00932A4676
:108BE000124B04A93046AFF300800746781CD6D15B
:108BF0006B6ED90705D4AB899A0502D4A86DFFF72F
:108C00007DFEAB895B063FF51FAF09981EE703ABFE
:108C100000932A46054B04A9304600F079F8E4E7B2
:108C2000AC930008B693000800000000DF8900083C
:108C3000B29300082DE9F047164698468A680B69FA
:108C4000DDF820909342B8BF1346336091F843207B
:108C500007460C460AB1013333602368990642BFC8
:108C6000336802333360256815F0060506D104F138
:108C7000190AE36832689B1AAB4226DC94F8433049
:108C80002268003B18BF012392062BD404F1430253
:108C900041463846C84701301ED02368226903F098
:108CA0000603042B02BFE5683368ED1AA3680CBF06
:108CB00025EAE57500259342C4BF9B1AED180026EE
:108CC0001A34B5421AD1002008E001235246414629
:108CD0003846C847013003D14FF0FF30BDE8F08778
:108CE0000135C6E7E1185A1C302081F843002244C0
:108CF00094F8451082F843100233C7E70123224657
:108D000041463846C8470130E6D00136D9E7000071
:108D10002DE9FF470F7E0C9E782F914680460C462A
:108D20009A4601F1430207D8622F0AD8002F00F0BB
:108D3000D180582F00F0B88004F1420684F84270C8
:108D40003AE0A7F16303152BF6D801A151F823F0FF
:108D5000A98D0008BD8D0008398D0008398D0008E7
:108D6000398D0008398D0008BD8D0008398D000847
:108D7000398D0008398D0008398D0008BB8E000838
:108D8000E78D0008758E0008398D0008398D0008C0
:108D9000DD8E0008398D0008E78D0008398D000848
:108DA000398D00087D8E000833681A1D1B683260FB
:108DB00004F1420684F8423001239CE033682068C5
:108DC000191D3160060601D51D6803E04506FBD577
:108DD000B3F90050002D03DA2D236D4284F843309F
:108DE00058480A2311E021683368080653F8045BE9
:108DF00002D4490648BFADB26F2F5248336014BF4A
:108E00000A230823002184F843106668A660002E18
:108E100005DB21682E4321F0040121604BD016466A
:108E2000B5FBF3F103FB1157C75D06F8017D2F4633
:108E3000BB420D46F4D9082B0BD12368DF0708D5B8
:108E4000236961689942DEBF302306F8013C06F1D0
:108E5000FF36921B2261CDF800A04B4603AA2146A3
:108E60004046FFF7E7FE01304AD14FF0FF3004B033
:108E7000BDE8F087236843F0200323603248782759
:108E800084F84570236831681F0651F8045B02D4EA
:108E90005F0648BFADB23160D90744BF43F020033D
:108EA00023601DB11023ADE72648E9E7236823F0CE
:108EB00020032360F6E71646BDE73368256861693D
:108EC000181D30602E061B6801D5196002E0680687
:108ED000FBD51980002323611646BCE733681A1DB1
:108EE00032601E68626800213046F7F771F908B1F8
:108EF000801B606063682361002384F84330AAE725
:108F00002369324649464046D0470130ADD02368F8
:108F10009B0713D4E068039B9842B8BF1846A6E7A6
:108F20000123324649464046D04701309DD00135A5
:108F3000E36803995B1AAB42F2DCEBE7002504F12E
:108F40001906F5E7BD930008CE930008B1F90C208F
:108F50002DE9F041160705460C4654D44B68002B0A
:108F600002DC0B6C002B48DDE66A002E45D00023A6
:108F700012F480522F68216A2B6030D0626DA38971
:108F8000590705D56368D21A636B0BB1236CD21AEB
:108F90000023E66A216A2846B047431CA38906D10C
:108FA00029681D292BD82A4ACA40D60727D500226E
:108FB0006260D9042269226004D5421C01D12B6869
:108FC00003B96065616B2F60B9B104F14403994244
:108FD00002D02846FFF7A2FC002363630DE00123C3
:108FE0002846B0470246501CC9D12B68002BC6D07A
:108FF0001D2B01D0162B1ED12F60002022E043F044
:1090000040031BB21BE00F69002FF6D093070E68D8
:1090100008BF4B690F6018BF0023A6EB07088B60E1
:10902000B8F1000FE9DD216AA66A43463A462846B0
:10903000B047002808DCB4F90C3043F04003A381AA
:109040004FF0FF30BDE8F0810744A8EB0008E7E7E8
:109050000100402038B50B6905460C4613B90025C0
:10906000284638BD18B1036A0BB9FFF73FFAB4F9C7
:109070000C30002BF3D0626ED00704D4990502D4D3
:10908000A06DFFF73AFC28462146FFF75FFF636EAD
:10909000DA070546E4D4A3899B05E1D4A06DFFF768
:1090A0002DFCDDE770B50C46B1F90E10002996B025
:1090B00015461E460DDAA38913F0800F4FF000010C
:1090C00014BF40234FF48063002031602B6016B042
:1090D00070BD6A4600F048F80028ECDB019901F405
:1090E0007041A1F50053594259414FF48063EBE7B9
:1090F0008B89F7B59D0706460C4607D504F1470353
:10910000236023610123636103B0F0BD01AB6A46B4
:10911000FFF7C8FF009F054639463046FFF7CEF8F7
:1091200048B9B4F90C309A05EED423F0030343F0A8
:109130000203A381E2E7A389206043F08003A381B7
:10914000019BC4E904075BB1B4F90E10304600F08E
:109150001DF828B1A38923F0030343F00103A38181
:10916000A3891D43A581CFE738B5074D00230446E9
:10917000084611462B60F7F73CFF431C02D12B68D1
:1091800003B1236038BD00BF0807002038B5064D85
:109190000023044608462B60F7F73BFF431C02D12F
:1091A0002B6803B1236038BD08070020F8B500BF65
:1091B000F8BC08BC9E467047F8B500BFF8BC08BCB8
:0491C0009E46704710
:1091C4005350203D2030782530386C780D0A00004B
:1091D4005245534554203D2030782530386C780D65
:1091E4000A0000004170702076657273696F6E200A
:1091F4002D20256C64200D0A0000000076302E30EE
:109204002E330000437573746F6D20426F6F746C5E
:109214006F616465722025730D0A00004572726FD8
:1092240072202D20496E76616C696420696D6167D6
:1092340065206D6167696300636F6D707574656443
:109244002048617368202D2000000000257800006C
:109254000D000000496D6167652056657269666995
:109264006564202D20456E746572696E6720617097
:10927400706C69636174696F6E0D0000496E76618C
:109284006C696420496D616765000000000000009E
:1092940000000000010203040607080900000000A2
:1092A40001020304E9870008982F8A429144377128
:1092B400CFFBC0B5A5DBB5E95BC25639F111F15955
:1092C400A4823F92D55E1CAB98AA07D8015B831297
:1092D400BE853124C37D0C55745DBE72FEB1DE8043
:1092E400A706DC9B74F19BC1C1699BE48647BEEF72
:1092F400C69DC10FCCA10C246F2CE92DAA84744AFD
:10930400DCA9B05CDA88F97652513E986DC631A872
:10931400C82703B0C77F59BFF30BE0C64791A7D551
:109324005163CA0667292914850AB72738211B2ED9
:10933400FC6D2C4D130D385354730A65BB0A6A76C1
:109344002EC9C281852C7292A1E8BFA24B661AA8CD
:10935400708B4BC2A3516CC719E892D1240699D6DD
:1093640085350EF470A06A1016C1A419086C371E56
:109374004C774827B5BCB034B30C1C394AAAD84E34
:109384004FCA9C5BF36F2E68EE828F746F63A5786F
:109394001478C8840802C78CFAFFBE90EB6C50A402
:1093A400F7A3F9BEF27871C6232D302B2000686C28
:1093B4004C006566674546470030313233343536F4
:1093C400373839414243444546003031323334352D
:0C93D4003637383961626364656600005A
:0893E000F06DFF7F01000000A9
:0493E800B5010008C3
:0493EC0091010008E3
:1093F0000024F40010000000010000000000000044
:1094000003000000CC0500201C000020000000002C
:10941000CC050020340600209C060020000000003F
:10942000000000000000000000000000000000003C
:10943000000000000000000000000000000000002C
:10944000000000000000000000000000000000001C
:08945000000000000000000014
:0400000508001321BB
:00000001FF
